Depth;Sus;Cond;Auppm;Sperc
1947;0.146670565;0.088136089;0;0
1947.5;0.346352974;0.462397998;0;0
1948;0.642958879;0.939519253;0;0
1948.5;0.418301291;0.494850022;0;0
1949;0.105680463;0.410777233;0;0
1949.5;0.169674434;0.243038049;0;0
1950;0.188506634;0.236789099;0;0
1950.5;0.169674434;0.161368002;0;0
1951;0.08323379;0.16879202;0;0
1951.5;0.225115357;0.161368002;0;0
1952;0.084576278;0.079181246;0;0
1952.5;0.182984967;0.153814864;0;0
1953;0.067349876;0;0;0
1953.5;0.156473431;0.130333768;0;0
1954;0.064177105;0.021189299;0;0
1954.5;0.201601932;0.113943352;0;0
1955;0.104828404;0;0;0
1955.5;0.186603222;0.249198357;0;0
1956;0.197349488;0.122215878;0;0
1956.5;0.184904268;0.16879202;0;0
1957;0.08857902;0;0;0
1960;0.192149125;0.230448921;0;0
1960.5;0.127995161;0.380211242;0;0
1961;0.219388028;0.494850022;0;0
1961.5;0.351022853;0.742332282;0;0
1962;0.196176185;0.356981401;0;0
1962.5;0.183767929;0.031408464;0;0
1963;0.140508043;0.041392685;0;0
1963.5;0.084933575;0.010723865;0.010723865;0.002166062
1964;0.108057374;0.261262869;0.010723865;0.002166062
1964.5;0.026533265;0.06069784;0.010723865;0.002166062
1965;0.020464871;0.070037867;0.010723865;0.002166062
1965.5;0.14504094;0.197280558;0.010723865;0.002166062
1966;0.076913385;0.096910013;0.010723865;0.002166062
1966.5;0.116939647;0.204119983;0.010723865;0.021189299
1967;0.120573931;0.261262869;0.010723865;0.021189299
1967.5;0.028672901;0.183269844;0.010723865;0.008600172
1968;0.036229544;0.070037867;0.010723865;0.008600172
1968.5;0.016092742;0.306425028;0.010723865;0.025305865
1969;0.135212185;0.230448921;0.010723865;0.025305865
1969.5;0.054421524;0.021189299;0.010723865;0.021189299
1970;0.102519458;0.138302698;0.010723865;0.021189299
1970.5;0.170041578;0.16879202;0.010723865;0.053078443
1971;0.129609341;0.146128036;0.010723865;0.053078443
1971.5;0.171580202;0.197280558;0.010723865;0.021189299
1972;0.101661169;0.051152522;0.010723865;0.021189299
1972.5;0.050862896;0.06069784;0.010723865;0.017033339
1973;0.134495856;0.176091259;0.010723865;0.017033339
1973.5;0.130896378;0.105510185;0.010723865;0.012837225
1974;0.09734409;0.146128036;0.010723865;0.012837225
1974.5;0.093771781;0.041392685;0.010723865;0.037426498
1975;0.171726454;0.130333768;0.010723865;0.037426498
1975.5;0.293583513;0.33243846;0.010723865;0.037426498
1976;0.283583881;0.352182518;0.010723865;0.037426498
1976.5;0.244524512;0.261262869;0.010723865;0.037426498
1977;0.277379975;0.342422681;0.010723865;0.037426498
1977.5;0.239987297;0.565257343;0.010723865;0.037426498
1978;0.195622944;0.130333768;0.010723865;0.037426498
1978.5;0.153357471;0.243038049;0.010723865;0.037426498
1979;0.155943018;0.33243846;0.010723865;0.037426498
1979.5;0.200713734;0.249198357;0.010723865;0.037426498
1980;0.20971603;0.342422681;0.010723865;0.037426498
1980.5;0.1557155;0.301029996;0.010723865;0.037426498
1981;0.201465404;0.443262987;0.010723865;0.037426498
1981.5;0.138223728;0.290034611;0.010723865;0.037426498
1982;0.169233451;0.402261382;0.010723865;0.037426498
1982.5;0.185754576;0.16879202;0.010723865;0.037426498
1983;0.190051418;0.278753601;0.010723865;0.037426498
1983.5;0.119585775;0.278753601;0.010723865;0.037426498
1984;0.188928484;0.041392685;0.010723865;0.037426498
1984.5;0.171945739;0.33243846;0.010723865;0.037426498
1985;0.177464352;0.236789099;0.010723865;0.037426498
1985.5;0.164129702;0.278753601;0.010723865;0.037426498
1986;0.18532963;0.236789099;0.010723865;0.037426498
1986.5;0.199892244;0;0.010723865;0.037426498
1987;0.206623518;0.153814864;0.010723865;0.037426498
1987.5;0.187943529;0.273001272;0.010723865;0.037426498
1988;0.16952749;0.113943352;0.010723865;0.037426498
1988.5;0.113776284;0.070037867;0.010723865;0.037426498
1989;0.196728723;0.138302698;0.010723865;0.037426498
1989.5;0.191590726;0.249198357;0.010723865;0.037426498
1990;0.124014879;0.190331698;0.010723865;0.037426498
1990.5;0.052405342;0.051152522;0.010723865;0.037426498
1991;0.182628608;0.153814864;0.010723865;0.017033339
1991.5;0.352182518;0.571126277;0.010723865;0.017033339
1992;0.01125317;0.041392685;0.021189299;0.06069784
1992.5;0.873029812;1.644930708;0.021189299;0.06069784
1993;0.245697697;0.375663614;0.033423755;0.093421685
1993.5;0.872884344;1.395763089;0.033423755;0.093421685
1994;0.667686382;1.063521;0.033423755;0.093421685
1994.5;0.173113394;0.041392685;0.033423755;0.093421685
1995;0.203168923;0.236789099;0.033423755;0.093421685
1995.5;0.701783784;1.039414119;0.033423755;0.093421685
1996;0.393575203;0.528273777;0.033423755;0.093421685
1996.5;0.464638559;0.62324929;0.033423755;0.093421685
1997;0.374748346;0.361727836;0.033423755;0.093421685
1997.5;0.364550995;0.477121255;0.033423755;0.093421685
1998;0.495544338;0.618048097;0.033423755;0.093421685
1998.5;0.226986346;0.204119983;0.033423755;0.093421685
1999;0.230959556;0.267171728;0.033423755;0.093421685
1999.5;0.204052119;0.284430734;0.033423755;0.093421685
2000;0.790285164;1.165095875;0.033423755;0.093421685
2000.5;0.303627976;0.088136089;0.033423755;0.093421685
2001;0.442871555;0.508529719;0.033423755;0.093421685
2001.5;0.194375567;0.267171728;0.033423755;0.093421685
2002;0.26245109;0.397940009;0.033423755;0.093421685
2002.5;0.746634199;1.161368002;0.033423755;0.093421685
2003;0.08857902;0.146128036;0.033423755;0.093421685
2003.5;0.90539107;1.457503427;0.033423755;0.093421685
2004;0.217088951;0.2955671;0.033423755;0.093421685
2004.5;0.082426301;0.306425028;0.010723865;0.004321374
2005;0.169453999;0.138302698;0.010723865;0.004321374
2005.5;0.614633608;1.127914294;0.010723865;0.049218023
2006;0.563777633;1.042378598;0.010723865;0.049218023
2006.5;0.044245689;0.210853365;0.025305865;0.002166062
2007;0.158814647;0.010723865;0.025305865;0.002166062
2007.5;0.259713305;0.505149978;0.093421685;0.120573931
2008;0.743509765;1.218141468;0.093421685;0.120573931
2008.5;0.831549852;1.57921178;0.127104798;0.064457989
2009;0.34532471;0.65079304;0.127104798;0.064457989
2009.5;0.524396122;0.974281359;0.481442629;0.089905111
2010;0.63973544;1.159115822;0.481442629;0.089905111
2010.5;0.600972896;1.178976947;0.413299764;0.133538908
2011;0.540329475;0.973474227;0.413299764;0.133538908
2011.5;0.609594409;1.086359831;0.303196057;0.309630167
2012;0.660628353;1.009663317;0.303196057;0.309630167
2012.5;0.824288582;1.590786124;0.721810615;0.176091259
2013;0.785685668;1.474216264;0.721810615;0.176091259
2013.5;0.269863041;0.447158031;0.990338855;0.367355921
2014;0.662757832;1.192428055;0.990338855;0.367355921
2014.5;1.081977046;1.627621851;0.269512944;0.021189299
2015;0.852022279;1.447545621;0.269512944;0.021189299
2015.5;0.38030171;0.65079304;0.269512944;0.021189299
2016;0.463146137;0.858837851;0.561101384;0.184691431
2016.5;0.393619069;0.858837851;0.561101384;0.184691431
2017;0.418467021;0.879382637;0.809559715;0.499687083
2017.5;0.576916956;1.118925753;0.025305865;0.021189299
2018;0.199618068;0.427323786;0.025305865;0.021189299
2018.5;0.374565061;0.678973376;0.193124598;0.31386722
2019;0.602059991;1.005395032;0.193124598;0.31386722
2019.5;0.225180008;0.384711743;0.037426498;0.004321374
2020;0.287129621;0.45484486;0.037426498;0.004321374
2020.5;0.440909082;0.8309093;0.029383778;0.017033339
2021;0.440909082;0.8309093;0.029383778;0.017033339
2021.5;0.440909082;0.8309093;0.010723865;0.002166062
2022;0.12303453;0.130333768;0.010723865;0.002166062
2022.5;0.127914294;0.230448921;0.117271296;0.11058971
2023;0.32888904;0.728353782;0.117271296;0.11058971
2024;0.635735002;1.284994387;1.903795143;1.431363764
2024.5;0.302817776;0.610127613;0.252853031;0.071882007
2025;0.299234826;0.667452953;0.190331698;0.187520721
2025.5;0.121313576;0.47348697;1.502290528;0.983175072
2026;0.335708576;0.599337133;1.502290528;0.983175072
2026.5;0.230065551;0.423245874;1.502290528;0.983175072
2027;0.231150889;0.864807629;1.472024698;1.204119983
2027.5;0.364832305;0.978864984;1.472024698;1.204119983
2028;1.101832962;1.779055089;0.267171728;0.252853031
2028.5;0.212786677;0.273001272;0.267171728;0.252853031
2029;0.244215251;0.427323786;0.010723865;0.002166062
2029.5;0.123606669;0.113943352;0.010723865;0.002166062
2030;0.248402441;0.540954809;0.010723865;0.002166062
2030.5;0.204662512;0.176091259;0.010723865;0.002166062
2031;0.353627759;0.726319612;0.029383778;0.021189299
2031.5;0.386498966;0.72427587;0.133538908;0.173186268
2032;0.420327134;0.769007871;0.133538908;0.173186268
2032.5;0.368333381;0.711807229;0.33243846;0.187520721
2033;0.559607421;1.005395032;0.33243846;0.187520721
2033.5;0.201738417;0.431363764;0.222716471;0.633468456
2034;0.126456113;0.423245874;0.06069784;0.521138084
2034.5;0.089728533;0.427323786;0.06069784;0.521138084
2035;0.267699603;0.51851394;0.093421685;0.673020907
2035.5;0.410777233;0.696793085;0.840106094;0.952792443
2036;0.281771722;0.837272703;1.380211242;1.028977705
2036.5;0.126780577;0.327358934;1.380211242;1.028977705
2037;0.711807229;1.760799312;1.354300562;1.176091259
2037.5;0.73379892;1.274157849;0.45484486;0.740362689
2038;0.271434991;0.547159121;0.720159303;0.940516485
2038.5;0.302979937;0.52179165;0.720159303;0.940516485
2039;0.295292143;0.62324929;0.292256071;0.698970004
2039.5;0.119668207;0.342422681;0.292256071;0.698970004
2040;0.430961453;0.701136066;0.326335861;0.738780558
2040.5;0.826560681;1.320146286;0.326335861;0.738780558
2041;0.397157574;0.352182518;0.113943352;0.029383778
2041.5;0.278924999;0.311753861;0.113943352;0.029383778
2042;0.218141468;0.431363764;0.010723865;0.002166062
2044.5;0.156170417;0.352182518;0.010723865;0.008600172
2045;0.312811826;0.599337133;0.010723865;0.008600172
2045.5;0.177103432;0.267171728;0.127104798;0.002166062
2046;0.449478399;0.837272703;0.127104798;0.002166062
2046.5;0.333296102;0.62065648;0.010723865;0.008600172
2047;0.339302344;0.550228353;0.010723865;0.004321374
2047.5;0.257198426;0.342422681;0.010723865;0.004321374
2048;0.259235402;0.278753601;0.010723865;0.002166062
2048.5;0.296500654;0.48784512;0.010723865;0.002166062
2049;0.164947373;0.255272505;0.010723865;0.002166062
2049.5;0.189700813;0.197280558;0.010723865;0.002166062
2050;0.194028437;0.380211242;0.010723865;0.004321374
2050.5;0.290201616;0.50174373;0.010723865;0.004321374
2051;0.120080134;0.197280558;0.010723865;0.002166062
2051.5;0.083771283;0.130333768;0.010723865;0.002166062
2052;0.076185161;0.010723865;0.010723865;0.002166062
2052.5;0.421192468;0.480725379;0.309630167;0.544068044
2053;1.027349608;1.511883361;1.129367596;1.007320953
2053.5;0.939144699;1.383366483;1.129367596;1.007320953
2054;0.265171723;0.138302698;0.021189299;0.002166062
2054.5;0.085201355;0.096910013;0.021189299;0.002166062
2055;0.064364381;0;0.010723865;0.002166062
2055.5;0.049121071;0.088136089;0.010723865;0.002166062
2056;0.057380791;0.06069784;0.010723865;0.002166062
2056.5;0.14504094;0.284430734;0.010723865;0.002166062
2057;0.500030534;1.029383778;0.103803721;0.002166062
2057.5;0.084039781;0.122215878;0.010723865;0.002166062
2058;0.049314953;0.021189299;0.010723865;0.002166062
2058.5;0.098643726;0.176091259;0.010723865;0.002166062
2059;0.059752694;0;0.064457989;0.002166062
2059.5;0.186603222;0.2955671;0.064457989;0.002166062
2060;0.067442843;0;0.010723865;0.002166062
2060.5;0.12515583;0.122215878;0.010723865;0.002166062
2061;0.053462605;0.021189299;0.010723865;0.002166062
2061.5;0.044343735;0.021189299;0.010723865;0.002166062
2062;0.283301229;0.607455023;0.113943352;0.033423755
2062.5;0.12499302;0.249198357;0.010723865;0.002166062
2063;0.113525561;0.138302698;0.010723865;0.002166062
2063.5;0.146748014;0.375663614;0.010723865;0.002166062
2064;0.109578547;0.088136089;0.010723865;0.002166062
2064.5;0.096910013;0;0.010723865;0.002166062
2065;0.142780405;0.210853365;0.010723865;0.002166062
2065.5;0.194653072;0.16879202;0.010723865;0.002166062
2066;0.157607853;0.138302698;0.010723865;0.002166062
2066.5;0.180914004;0.088136089;0.010723865;0.002166062
2067;0.191031609;0.161368002;0.010723865;0.002166062
2067.5;0.180340961;0.031408464;0.010723865;0.002166062
2068;0.182200591;0.051152522;0.010723865;0.002166062
2068.5;0.111934276;0.138302698;0.010723865;0.002166062
2069;0.194999703;0.204119983;0.010723865;0.002166062
2069.5;0.252185306;0.505149978;0.136720567;0.029383778
2070;0.271434991;0.322219295;0.136720567;0.029383778
2070.5;0.294135419;0.356981401;0.117271296;0.008600172
2071;0.358410786;0.540954809;0.204119983;0.021189299
2071.5;0.301409837;0.337459261;0.204119983;0.021189299
2072;0.298962182;0.249198357;0.086359831;0.037426498
2072.5;0.331072832;0.922984816;0.086359831;0.037426498
2073;0.54499768;0.726319612;0.1430148;0.06069784
2073.5;0.48440662;0.694605199;0.1430148;0.06069784
2074;0.31874139;0.511883361;0.413299764;0.338456494
2074.5;0.607723024;0.855821905;0.413299764;0.338456494
2075;0.495197318;0.51851394;0.352182518;0.649334859
2075.5;0.63873878;0.962606073;0.352182518;0.649334859
2076;0.632204133;0.873611197;0.149219113;0.004321374
2076.5;0.359835482;0.322219295;0.149219113;0.004321374
2077;0.433369747;0.393575203;0.071882007;0.002166062
2077.5;0.763427994;1.029383778;0.071882007;0.002166062
2078;1.176091259;1.551449998;0.701567985;0.820857989
2078.5;0.551449998;1.055951405;0.701567985;0.820857989
2079;0.777426822;1.156851901;0.161368002;0.562292864
2079.5;0.324436798;0.371067862;0.025305865;0.424881637
2080;0.269979677;0.62838893;0.025305865;0.424881637
2080.5;0.205068964;0.278753601;0.068185862;0.432969291
2081;0.434608819;0.615423953;0.049218023;0.568201724
2081.5;1.135450699;1.753583059;0.049218023;0.568201724
2082;1.15873932;1.677150521;0.404833717;0.657055853
2082.5;2.18610838;2.081887139;0.404833717;0.657055853
2083;1.305190092;1.552059534;0.359835482;0.385606274
2083.5;0.735798438;1.058805487;0.359835482;0.385606274
2084;0.476759192;0.261262869;0.484299839;0.294466226
2084.5;0.871426979;1.215505378;0.093421685;0.285557309
2085;0.656577291;0.795880017;0.093421685;0.285557309
2085.5;1.086715664;1.49762065;0.195899652;1.011570444
2086;0.46686762;0.393575203;0.851258349;0.695481676
2086.5;1.39880773;1.927242006;0.851258349;0.695481676
2087;0.484299839;0.33243846;0.173186268;0.002166062
2087.5;0.234517284;0;0.173186268;0.002166062
2088;0.42975228;0.273001272;0.041392685;0.002166062
2088.5;0.797267541;1.072801149;0.041392685;0.002166062
2089;0.610127613;0.591064607;0.010723865;0.002166062
2089.5;1.400494817;1.326847699;0.010723865;0.002166062
2090;1.30701441;1.285557309;0.041392685;0.002166062
2090.5;0.946329427;0.734399743;0.041392685;0.002166062
2091;0.468716472;0.515211304;0.230448921;0.004321374
2091.5;0.499687083;0.761551989;0.230448921;0.004321374
2092;1.000217093;1.390493527;0.986771734;0.705863712
2092.5;0.937267072;1.287241711;0.986771734;0.705863712
2093;0.237480902;0.311753861;0.46686762;0.008600172
2093.5;0.580924976;0.877946952;0.46686762;0.008600172
2094;0.399457385;0.604765885;0.540329475;0.206825876
2094.5;0.338356873;0.347330015;0.540329475;0.206825876
2095;0.432568465;0.423245874;0.010723865;0.002166062
2095.5;0.210519164;0.352182518;0.010723865;0.002166062
2096;0.300758477;0.384711743;0.010723865;0.002166062
2096.5;0.48036631;0.540954809;0.010723865;0.002166062
2097;0.464638559;0.728353782;0.656098202;0.004321374
2097.5;1.463146137;1.354108439;0.656098202;0.004321374
2098;2.29939833;2.156700553;0.010723865;0.002166062
2098.5;1.334956116;1.384263786;0.010723865;0.002166062
2099;2.155336037;2.022118934;0.010723865;0.002166062
2099.5;2.143717227;2.03802374;0.010723865;0.002166062
2100;0.101059355;0.366422957;0.010723865;0.002166062
2100.5;0.076276255;0.06069784;0.010723865;0.002166062
2101;0.16680001;0.010723865;0.010723865;0.002166062
2101.5;0.114360743;0.021189299;0.010723865;0.002166062
2102;0.106870544;0.041392685;0.010723865;0.002166062
2102.5;0.070222633;0;0.010723865;0.002166062
2103;0.1780412;0.105510185;0.010723865;0.002166062
2103.5;0.36125552;0.525044807;0.010723865;0.002166062
2104;0.274561925;0.230448921;0.010723865;0.002166062
2104.5;0.240985819;0.021189299;0.010723865;0.002166062
2105;0.223301205;0.243038049;0.010723865;0.002166062
2105.5;0.240424433;0;0.010723865;0.002166062
2106;0.429348473;0.720159303;0.010723865;0.002166062
2106.5;0.147753594;0.204119983;0.010723865;0.002166062
2107;0.210986974;0.301029996;0.010723865;0.002166062
2107.5;0.203916359;0.224014811;0.010723865;0.002166062
2108;0.205745541;0.204119983;0.010723865;0.002166062
2108.5;0.238673243;0.146128036;0.010723865;0.002166062
2109;0.345373731;0.130333768;0.010723865;0.002166062
2109.5;0.191031609;0.041392685;0.010723865;0.002166062
2110;0.172748839;0.146128036;0.010723865;0.002166062
2110.5;0.191241362;0.088136089;0.010723865;0.002166062
2111;0.494154594;0.785329835;0.010723865;0.002166062
2111.5;0.264404575;0.389166084;0.010723865;0.002166062
2112;0.248892408;0.051152522;0.010723865;0.002166062
2112.5;0.379758616;0.47348697;0.010723865;0.002166062
2113;0.143639235;0.224014811;0.010723865;0.002166062
2113.5;0.219125891;0.224014811;0.010723865;0.002166062
2114;0.190891717;0.153814864;0.010723865;0.002166062
2114.5;0.159717546;0.161368002;0.010723865;0.002166062
2115;0.196935743;0.210853365;0.010723865;0.002166062
2115.5;0.298252506;0.665111737;0.010723865;0.002166062
2116;0.282791991;0.568201724;0.010723865;0.002166062
2116.5;0.272015754;0.667452953;0.010723865;0.002166062
2117;0.267816822;0.515211304;0.010723865;0.002166062
2117.5;0.256597493;0.249198357;0.010723865;0.002166062
2118;0.263103228;0.197280558;0.010723865;0.002166062
2118.5;0.237983339;0.366422957;0.010723865;0.002166062
2119;0.374289988;0.439332694;0.010723865;0.002166062
2119.5;0.26245109;0.306425028;0.010723865;0.002166062
2120;0.266643211;0.337459261;0.010723865;0.002166062
2120.5;0.308831097;0.243038049;0.010723865;0.002166062
2121;0.243472126;0.122215878;0.010723865;0.002166062
2121.5;0.190471771;0.210853365;0.010723865;0.002166062
2122;0.271841607;0.462397998;0.010723865;0.002166062
2122.5;0.216033878;0.010723865;0.010723865;0.002166062
2123;0.478927056;0.849726444;0.010723865;0.002166062
2123.5;0.198450886;0.190331698;0.010723865;0.002166062
2124;0.201055564;0.138302698;0.010723865;0.002166062
2124.5;0.190191581;0.183269844;0.010723865;0.002166062
2125;0.081887139;0.33243846;0.010723865;0.002166062
2125.5;0.051827567;0.16879202;0.010723865;0.002166062
2126;0.175294322;0.419129308;0.010723865;0.002166062
2126.5;0.176742213;0.290034611;0.010723865;0.002166062
2127;0.204798038;0.484299839;0.010723865;0.002166062
2127.5;0.340939602;0.462397998;0.010723865;0.002166062
2128;0.271957713;0;0.010723865;0.002166062
2128.5;0.377488383;0.267171728;0.010723865;0.002166062
2129;0.313287071;0.491361694;0.010723865;0.002166062
2129.5;0.325823419;0.427323786;0.010723865;0.002166062
2130;0.267758217;0.051152522;0.010723865;0.002166062
2130.5;0.242355049;0.243038049;0.010723865;0.002166062
2131;0.186815124;0.138302698;0.010723865;0.002166062
2131.5;0.184123354;0.010723865;0.010723865;0.002166062
2132;0.14082218;0;0.010723865;0.002166062
2132.5;0.14176323;0.010723865;0.010723865;0.002166062
2133;0.134734764;0.021189299;0.010723865;0.002166062
2133.5;0.188858204;0.021189299;0.010723865;0.002166062
2134;0.023972257;0.070037867;0.010723865;0.002166062
2134.5;0.187168066;0.130333768;0.010723865;0.002166062
2135;0.159567193;0.113943352;0.010723865;0.002166062
2135.5;0.126212607;0;0.010723865;0.002166062
2136;0.053654558;0.393575203;0.010723865;0.002166062
2136.5;0.035129431;0.079181246;0.010723865;0.002166062
2137;0.069483094;0.010723865;0.010723865;0.002166062
2137.5;0.046592704;0.183269844;0.010723865;0.002166062
2138;0.107633878;0.290034611;0.010723865;0.002166062
2138.5;0.111346541;0.183269844;0.010723865;0.002166062
2139;0.064270753;0.161368002;0.010723865;0.002166062
2139.5;0.164724524;0.153814864;0.010723865;0.002166062
2140;0.055951405;0;0.130333768;0.158362492
2140.5;0.020154032;0.224014811;0.181843588;0.008600172
2141;0.056046844;0;0.181843588;0.008600172
2141.5;0.083771283;0.031408464;0.029383778;0.002166062
2142;0.060225524;0.088136089;0.029383778;0.002166062
2142.5;0.056619037;0;0.010723865;0.002166062
2143;0.03802374;0;0.010723865;0.002166062
2143.5;0.035229556;0;0.010723865;0.002166062
2144;0.054613055;0.041392685;0.010723865;0.002166062
2144.5;0.505149978;0.885078384;0.164352856;0.033423755
2145;0.114026862;0;0.164352856;0.033423755
2145.5;0.160543558;0.051152522;0.010723865;0.002166062
2146;0.09725731;0.16879202;0.010723865;0.002166062
2146.5;0.114944416;0.138302698;0.010723865;0.002166062
2147;0.087071206;0.079181246;0.010723865;0.002166062
2147.5;0.111934276;0.096910013;0.010723865;0.002166062
2148;0.276059493;0.615423953;0.010723865;0.002166062
2148.5;0.3526648;0.565257343;0.010723865;0.002166062
2149;0.311117843;0.33243846;0.010723865;0.002166062
2149.5;0.441695136;0.599337133;0.010723865;0.002166062
2150;0.087515224;0.249198357;0.010723865;0.002166062
2150.5;0.170921459;0;0.010723865;0.002166062
2151;0.32216759;0.678973376;0.010723865;0.002166062
2151.5;0.359361103;0.525044807;0.010723865;0.002166062
2152;0.087781418;0.146128036;0.010723865;0.002166062
2152.5;0.261560229;0.469822016;0.010723865;0.002166062
2153;0.236474279;0.380211242;0.010723865;0.002166062
2153.5;0.381566296;0.660391098;0.010723865;0.002166062
2154;0.204865786;0.261262869;0.010723865;0.002166062
2154.5;0.214247608;0.153814864;0.010723865;0.002166062
2155;0.298634783;0.230448921;0.010723865;0.002166062
2155.5;0.107888025;0;0.010723865;0.002166062
2156;0.203372897;0.204119983;0.010723865;0.002166062
2156.5;0.039116555;0;0.010723865;0.002166062
2157;0.026941628;0.122215878;0.010723865;0.002166062
2157.5;0.080716655;0;0.010723865;0.002166062
2158;0.116773727;0;0.010723865;0.002166062
2158.5;0.068742293;0;0.010723865;0.002166062
2159;0.190121505;0.138302698;0.010723865;0.002166062
2159.5;0.208508538;0;0.010723865;0.002166062
2160;0.090081618;0;0.010723865;0.002166062
2160.5;0.080175366;0.088136089;0.010723865;0.002166062
2161;0.278181785;0.249198357;0.010723865;0.002166062
2161.5;0.276691529;0.079181246;0.010723865;0.002166062
2162;0.22278148;0.088136089;0.010723865;0.002166062
2162.5;0.206556044;0.306425028;0.010723865;0.002166062
2163;0.145351817;0.427323786;0.010723865;0.002166062
2163.5;0.154880245;0.217483944;0.010723865;0.002166062
2164;0.086893471;0.06069784;0.010723865;0.002166062
2164.5;0.216495788;0.197280558;0.010723865;0.002166062
2165;0.256356886;0.070037867;0.010723865;0.002166062
2165.5;0.272189831;0.439332694;0.010723865;0.002166062
2166;0.352182518;0.728353782;0.010723865;0.002166062
2166.5;0.267230413;0.197280558;0.010723865;0.002166062
2167;0.22278148;0.204119983;0.010723865;0.002166062
2167.5;0.253277413;0.317018101;0.010723865;0.002166062
2168;0.445214876;0.559308011;0.010723865;0.002166062
2168.5;0.249687428;0.021189299;0.010723865;0.002166062
2169;0.183341034;0;0.010723865;0.002166062
2169.5;0.697011269;1.053078443;0.010723865;0.002166062
2170;0.200097762;0.645913275;0.010723865;0.002166062
2170.5;0.269746373;0.317018101;0.010723865;0.002166062
2171;0.348791468;0.51851394;0.010723865;0.002166062
2171.5;0.380663396;0.591064607;0.010723865;0.002166062
2172;0.225115357;0.113943352;0.010723865;0.002166062
2172.5;0.091227166;0.469822016;0.010723865;0.002166062
2173;0.328379603;0.47348697;0.010723865;0.002166062
2173.5;0.287073565;0.156094631;0.010723865;0.002166062
2174;0.234454008;0.51851394;0.010723865;0.002166062
2174.5;0.154347881;0;0.010723865;0.002166062
2175;0.305995883;0.243038049;0.010723865;0.002166062
2175.5;0.177464352;0.284430734;0.010723865;0.002166062
2176;0.283301229;0.342422681;0.010723865;0.002166062
2176.5;0.267230413;0.021189299;0.010723865;0.002166062
2177;0.191381142;0.105510185;0.010723865;0.002166062
2177.5;0.319626484;0.458637849;0.010723865;0.002166062
2178;0.280976519;0.550228353;0.010723865;0.002166062
2178.5;0.19679774;0.568201724;0.010723865;0.002166062
2179;0.232042664;0;0.010723865;0.002166062
2179.5;0.221153322;0.423245874;0.010723865;0.002166062
2180;0.252792371;0.088136089;0.010723865;0.002166062
2180.5;0.230257279;0;0.010723865;0.002166062
2181;0.26799259;0.447158031;0.010723865;0.002166062
2181.5;0.173259131;0.311753861;0.010723865;0.002166062
2182;0.16502163;0.204119983;0.010723865;0.002166062
2182.5;0.224274014;0.113943352;0.010723865;0.002166062
2183;0.168939214;0.643452676;0.010723865;0.002166062
2183.5;0.14066514;0.010723865;0.010723865;0.002166062
2184;0.119585775;0.337459261;0.010723865;0.002166062
2184.5;0.1811287;0.243038049;0.010723865;0.002166062
2185;0.169086357;0.716003344;0.010723865;0.002166062
2185.5;0.194653072;0;0.010723865;0.002166062
2186;0.174205227;0.361727836;0.010723865;0.002166062
2186.5;0.182771187;0.105510185;0.010723865;0.002166062
2187;0.173696047;0.707570176;0.010723865;0.002166062
2187.5;0.182129214;0.643452676;0.010723865;0.002166062
2188;0.182842459;0;0.010723865;0.002166062
2188.5;0.070776463;0.707570176;0.010723865;0.002166062
2189;0.148756851;0.68797462;0.010723865;0.002166062
2189.5;0.191311258;0;0.010723865;0.002166062
2190;0.180340961;0.096910013;0.010723865;0.002166062
2190.5;0.196176185;0.010723865;0.010723865;0.002166062
2191;0.086181805;0.041392685;0.010723865;0.002166062
2191.5;0.202420198;0.088136089;0.010723865;0.002166062
2192;0.289588953;0.342422681;0.010723865;0.002166062
2192.5;0.176597641;0.742332282;0.010723865;0.002166062
2193;0.242292905;0.547159121;0.010723865;0.002166062
2193.5;0.287297746;0.707570176;0.010723865;0.002166062
2194;0.228400359;0;0.010723865;0.002166062
2194.5;0.161891835;0.146128036;0.010723865;0.002166062
2195;0.228849308;0.698970004;0.010723865;0.002166062
2195.5;0.293969921;0.284430734;0.010723865;0.002166062
2196;0.18433647;0.146128036;0.010723865;0.002166062
2196.5;0.218863597;0.096910013;0.010723865;0.002166062
2197;0.198657087;0.138302698;0.010723865;0.002166062
2197.5;0.206218518;0.46612587;0.010723865;0.002166062
2198;0.149219113;0.010723865;0.010723865;0.002166062
2198.5;0.246683191;0.153814864;0.010723865;0.002166062
2199;0.271957713;0;0.010723865;0.002166062
2199.5;0.278181785;0.146128036;0.010723865;0.002166062
2200;0.3586961;0.885078384;0.010723865;0.002166062
2200.5;0.089993374;0.255272505;0.010723865;0.002166062
2201;0.266055214;0.788875116;0.010723865;0.002166062
2201.5;0.200850498;0.574031268;0.010723865;0.002166062
2202;0.247052175;0.531478917;0.010723865;0.002166062
2202.5;0.125318578;0.153814864;0.010723865;0.002166062
2203;0.190331698;0.204119983;0.010723865;0.002166062
2203.5;0.181915012;0.138302698;0.010723865;0.002166062
2204;0.193820026;0.462397998;0.010723865;0.002166062
2204.5;0.183554534;0.146128036;0.010723865;0.002166062
2205;0.13481437;0.375663614;0.010723865;0.002166062
2205.5;0.186037642;0;0.010723865;0.002166062
2206;0.176597641;0.384711743;0.010723865;0.002166062
2206.5;0.183554534;0.284430734;0.010723865;0.002166062
2207;0.187450213;0.525044807;0.010723865;0.002166062
2207.5;0.24390577;0.352182518;0.010723865;0.002166062
2208;0.076549425;0.041392685;0.010723865;0.002166062
2208.5;0.246929215;0.176091259;0.010723865;0.002166062
2209;0.192846115;0.337459261;0.010723865;0.002166062
2209.5;0.160843537;0.261262869;0.010723865;0.002166062
2210;0.184975191;0.210853365;0.010723865;0.002166062
2210.5;0.174423265;0;0.010723865;0.002166062
2211;0.127185816;0;0.010723865;0.002166062
2211.5;0.292477594;0.301029996;0.010723865;0.002166062
2212;0.425452701;0.301029996;0.010723865;0.002166062
2212.5;0.200645336;0.556302501;0.010723865;0.002166062
2213;0.609594409;0.867762025;0.010723865;0.002166062
2213.5;0.125643892;0.356981401;0.010723865;0.002166062
2214;0.117768295;0.190331698;0.010723865;0.004321374
2214.5;0.100715087;0.301029996;0.010723865;0.004321374
2215;0.108649574;0;0.010723865;0.002166062
2215.5;0.131217543;0.138302698;0.010723865;0.002166062
2216;0.134655142;0.439332694;0.010723865;0.002166062
2216.5;0.163757524;0.176091259;0.010723865;0.002166062
2217;0.210586025;0.393575203;0.010723865;0.002166062
2217.5;0.177608636;0.190331698;0.376576957;0.260071388
2218;1.724480677;2.498655095;0.994756945;0.961421094
2218.5;1.224662529;1.682821723;0.994756945;0.961421094
2219;0.713070326;1.205475037;0.650307523;0.738780558
2219.5;0.428620673;0.924279286;0.650307523;0.738780558
2220;0.157456768;0.491361694;0.068185862;0.049218023
2220.5;0.591621038;1.028367884;0.021189299;0.002166062
2221;0.386498966;0.69019608;0.021189299;0.002166062
2221.5;0.581494542;1.02325246;0.06069784;0.017033339
2222;0.531478917;1.162116141;0.029383778;0.494154594
2222.5;0.120820619;0.531478917;0.029383778;0.494154594
2223;0.196935743;0.515211304;0.010723865;0.615950052
2223.5;0.744488567;1.303735889;0.033423755;0.004321374
2224;0.327869569;0.574031268;0.033423755;0.004321374
2224.5;0.199343719;0.249198357;0.033423755;0.004321374
2225;0.108311273;0;0.033423755;0.004321374
2225.5;0.607990859;0.942008053;0.033423755;0.004321374
2226;0.50242712;0.458637849;0.033423755;0.004321374
2226.5;0.298088569;0.278753601;0.033423755;0.004321374
2227;0.29939833;0.197280558;0.033423755;0.004321374
2227.5;0.32888904;0.161368002;0.033423755;0.004321374
2228;0.33243846;0.80106053;0.033423755;0.004321374
2228.5;2.259142748;0.402261382;0.033423755;0.004321374
2229;0.234327428;0.389166084;0.025305865;0.002166062
2229.5;0.084397519;0.427323786;0.025305865;0.002166062
2230;0.065486348;0.122215878;0.010723865;0.012837225
2230.5;0.031307454;0.2955671;0.010723865;0.012837225
2231;0.088667553;0.130333768;0.010723865;0.033423755
2231.5;0.138855085;0.311753861;0.010723865;0.033423755
2232;0.155943018;0.122215878;0.010723865;0.033423755
2232.5;0.07764039;0.153814864;0.010723865;0.033423755
2233;0.211854429;0.153814864;0.010723865;0.033423755
2233.5;0.05804623;0.021189299;0.010723865;0.033423755
2234;0.220173489;0.122215878;0.010723865;0.033423755
2234.5;0.080085085;0.122215878;0.010723865;0.033423755
2235;0.216561735;0.210853365;0.010723865;0.033423755
2235.5;0.199480915;0.122215878;0.010723865;0.033423755
2236;0.174205227;0.088136089;0.010723865;0.033423755
2236.5;0.1096629;0.070037867;0.010723865;0.008600172
2237;0.107294785;0.146128036;0.010723865;0.008600172
2237.5;0.055091511;0.122215878;0.010723865;0.004321374
2238;0.214313897;0.477121255;0.010723865;0.004321374
2238.5;0.137986733;0.079181246;0.010723865;0.012837225
2239;0.193333344;0.284430734;0.010723865;0.012837225
2239.5;0.158814647;0.261262869;0.010723865;0.012837225
2240;0.11033714;0;0.010723865;0.012837225
2240.5;0.259414678;0.210853365;0.010723865;0.012837225
2241;0.198175798;0.161368002;0.010723865;0.012837225
