Ticker,Retorno Médio Anualizado,Volatilidade Anualizada,Retorno Último Mês,Retorno Últimos 6 Meses,Retorno Últimos 12 Meses,Retorno Últimos 5 Anos,Retorno Últimos 10 Anos,Sharpe Ratio,Beta,VaR 95%,Correlação com IBOV (Últimos 5 Anos)
ALOS3,0.04965875953520146,0.22747937863793435,-0.03308983423362044,-0.04983109332637414,,,,0.08641996322001197,1.1391477730583,-0.02189141841767228,0.6310064025436861
ALPA4,0.11949020424547262,0.40407861483486013,-0.07114623860302671,-0.24598931517619105,-0.13177336328872946,-0.6910926831306674,-0.16562882798364187,0.22146731096384722,0.6428170220176972,-0.03691175901039827,0.523358541423349
ABEV3,0.10003126007479658,0.2767421365965769,0.02390126904857781,0.08231452628581248,0.005298992779869671,-0.30471206975183796,-0.1827692472017728,0.25305600706872194,0.525801020808294,-0.025306516121785683,0.5921089427583845
ASAI3,-0.1292792184559648,0.3785510042580095,-0.27320128474546745,-0.5028530982442325,-0.40068790011987765,,,-0.4207602586292563,0.8796620938171148,-0.036615118849625095,0.4213841076219516
AURE3,-0.15580423830333656,0.2350251386207079,-0.08818342033018323,-0.14048209625071217,-0.2397058924589187,,,-0.7905717634877952,0.4275895546467908,-0.022938280869647443,0.3176925129076136
AZUL4,0.055034458958917384,0.6820469278261075,0.2405064131582919,-0.533333338379229,-0.5562264064572893,-0.8854694176672198,,0.03670489219665555,1.7391349754063046,-0.05624357177613698,0.633047878368294
AZZA3,0.12788939794257034,0.39570291169587607,-0.12568423622532898,-0.33679336493647416,-0.3661477273031615,-0.13659043457889153,0.3264132701270517,0.24738104029369598,0.8301121918963443,-0.03807631148787897,0.6159951933510869
B3SA3,0.049688995827231165,0.46532277979049114,-0.1461477466471417,-0.08354642629845244,-0.093591879326262,-0.24999998336614526,1.5453830660617496,0.04231255524626588,1.1518400361218033,-0.04025677352742843,0.7277699211093512
BBSE3,0.10937956152532323,0.2933372415772252,-0.050608901035811615,0.07376809908732174,0.08944102484090521,0.04280625646650171,0.03940746166087972,0.2706085360948805,0.7047481945627135,-0.028123835215036336,0.5583089712721356
BBDC3,0.14628233070328828,0.34458144530569834,-0.0757997318437621,0.05225651951162513,0.05476186980105591,-0.4290190341260852,-0.10794581680978099,0.3374596406377233,0.9747518005018874,-0.03137038567605044,0.7837027303094645
BBDC4,0.04923339189783087,0.37377482008475155,-0.05933790104208425,0.061310843196649145,0.04728792070682264,-0.40093062465819607,0.02177611718663308,0.0514571631483089,1.0385428748340046,-0.03201156852339007,0.7542343810915941
BRAP4,0.1645361317609653,0.422193086775363,0.04670908458807643,-0.05781180000852981,-0.09541284387615956,0.36800797652770045,0.9488661414502797,0.3186601959509303,1.035092961011044,-0.03987893705489924,0.6047798054787787
BBAS3,0.174147765735055,0.4131202049938939,-0.08170938084268164,-0.04361753655168743,0.1478632926592589,0.13958425787548068,0.7770427401312847,0.34892451154061943,1.1515428861998422,-0.03815692244335004,0.7883695113658418
BRKM5,0.10047198139674647,0.4714614353993461,0.09863757102534798,-0.22580648469213604,0.028571400767513078,-0.32303561509141854,0.33157195444208454,0.14947560098325746,0.9121281464785322,-0.03964875010079362,0.5560881879261781
BRAV3,-3.981056195683974,0.6786185166774619,-0.25846409605099285,,,,,-5.910620027467323,1.6770546248920528,-0.06528916342433502,0.3122737650803718
BRFS3,0.1472019203746291,0.40718640419360713,-0.08107042417602317,0.4621164678173142,1.2344498380533215,-0.35448002214635044,-0.5730242160669325,0.28783357982380586,0.7061553362774313,-0.037174384916695016,0.5031506038668899
BPAC11,0.36360643491064626,0.45159666237540214,-0.08656553323632554,-0.08399096901590597,0.05416802077283944,1.3640661216947354,,0.7387265290134645,1.2373001981360279,-0.03870416974294941,0.7470413820076064
CXSE3,0.15140410649058517,0.29895980772523967,-0.09085176652368576,-0.05570120371695497,0.29121864197459124,,,0.4060883883166066,0.7157543476565658,-0.02931176417605802,0.4319550538480272
CRFB3,-0.016225282187444377,0.3608949773055579,-0.12748164600405465,-0.3650189639775081,-0.05436008452816232,-0.6044528593061624,,-0.1280851358269443,0.6943748728315604,-0.03474328510111957,0.46316122350342487
CCRO3,0.1509775288254813,0.37328520372733753,-0.10360028530348597,-0.10622709522253171,-0.002452962722327756,-0.26060607216574927,-0.35106381359765126,0.32408873327282517,0.8117580237599925,-0.033523335487865444,0.7355439651395801
CMIG4,0.0757300906717148,0.44983447709092855,-0.06297229299822071,0.14416402048994836,0.18820642393173093,0.5172346909100434,0.16120449791417757,0.10165981711195297,0.7930705088504805,-0.03510680442753644,0.6847187077986475
COGN3,0.08741118219640247,0.5669274312866223,-0.10638296433266425,-0.463829769533432,-0.5153846012770067,-0.88246269038457,-0.9215564208271902,0.10126725049467049,1.0882602991809855,-0.04521644546145723,0.619426824114809
CPLE6,0.17813532357774153,0.3623891616999298,-0.08333331877786465,0.04488520966599707,0.1916667480317411,1.0057716177928948,1.5523357604595653,0.4087741556145172,0.8235956796609647,-0.032595058361269406,0.6328569444730665
CSAN3,0.14945123649371186,0.41620601822056763,-0.012667665821719742,-0.1423948114190804,-0.18661760249685855,-0.028414285219778623,0.4946081234651729,0.2870002625248175,0.9337964663116343,-0.03807813925251194,0.7337398444844958
CPFE3,1.0443960125728982,4.0819144572548645,-0.021013336835446372,-0.028008096882621736,0.01461807449516428,0.07151854337694807,0.6278972357022901,0.2485098654554097,0.7489682294178015,-0.027149331942356802,0.6064019127542414
CMIN3,-0.017169133015352698,0.4233212342708998,0.06914002295412125,0.20075755694297914,0.36051509875236465,,,-0.11142633347130261,1.162163347120065,-0.040165663070742375,0.5053207231541285
CVCB3,-0.004842763078371096,0.5918001890899236,-0.03664918034874143,-0.31598513225317604,-0.2840466610219289,-0.9564815575650747,-0.8536068061936182,-0.058875890411513136,1.2752876043202848,-0.052110315784259675,0.590771620316344
CYRE3,0.28880643704490905,0.5199226775519314,-0.021648978957840792,-0.11018018331161894,0.07872012163633646,-0.03586023108960856,0.6042296176961619,0.4977787048326213,1.1867993729845148,-0.04537576466990325,0.7375171407957587
ELET3,0.13771833380795537,0.4852813956040067,-0.09957529764854256,-0.06378799266896762,0.07796605091995623,-0.12141539088498599,4.32419853092972,0.22197087047584727,1.0281504907519252,-0.042590045992643766,0.701365404962047
ELET6,0.13359910125226387,0.44049405067427494,-0.09114187368490645,-0.07111689159427637,0.0881676633980637,-0.05356745404536378,2.6643719664723564,0.23518842330261264,0.8571477200375112,-0.039970588239642224,0.6829471665795598
EMBR3,0.14609302676150082,0.407378241937986,-0.07732480855644475,0.40274804967050337,1.7492520133886522,1.359527490850947,1.0417777167426214,0.28497601199617656,0.6509492321551996,-0.036419494261436244,0.5350321472183954
ENGI11,0.15925285566501918,0.3267125908007927,-0.08385091720566706,-0.0750418089702638,-0.01775802998021858,-0.07193792540314736,2.4948128947666333,0.3956163897700192,0.4563586350805183,-0.027459832348084523,0.6163626287533787
ENEV3,-0.020097241700195546,0.5179242709017559,0.007862802869993857,0.11286505892382492,0.23901583828432482,1.1052631429060447,-0.14017305962176718,-0.09672696282985818,0.5861029896174134,-0.047619051410374924,0.6121640371377349
EGIE3,0.13283337023540429,0.29436948299183086,-0.06550807422985916,0.03453373654575875,0.023925770608911767,-0.04725129053668253,0.39058351587848783,0.3493343440028328,0.51471669935582,-0.02819994257507334,0.598928113225574
EQTL3,0.1361132266842806,0.3652032678196189,-0.07248860870896234,0.007751937984496138,0.03404389705487887,0.6248103363178583,5.352685331363331,0.2905593570337164,0.5063054285008943,-0.02649008545797076,0.6243789359935786
EZTC3,0.1307393587053327,0.4356516402036526,-0.012065299819228326,-0.14232899144149258,-0.21444691785042658,-0.6287999979654948,-0.1607962793992258,0.2312383322102045,0.8765166988986604,-0.04127587902215313,0.6818227563307688
FLRY3,0.08803276436057544,0.3138142277365757,-0.09821426746796502,0.01951547567652323,-0.04416408492695212,-0.33912140761555676,1.0597383967054403,0.1849271295923834,0.5434624312413788,-0.02947963043716495,0.5774740346303592
GGBR4,0.13292584014941652,0.4196907838225458,0.042391342544376265,0.024299060851092014,0.000695701290485573,0.7822125831902631,0.8661623842561448,0.24524207849399848,0.8335711778603941,-0.038358240701891845,0.67901898285222
GOAU4,0.09463737704395403,0.45798495877459716,0.027436137202069277,0.03428568158830925,0.01876170845477909,0.6707691779503455,-0.3117870823542509,0.14113427920624375,1.1608245768217442,-0.04262453569463141,0.6946025228725478
NTCO3,-0.04346246971827351,0.5407627067595517,0.060757712321376944,-0.1392111166121328,0.006101705260195933,,,-0.13584973371867215,1.222515528521675,-0.04659180426987038,0.5906107095004297
HAPV3,0.09628909542303513,0.5362155649319726,-0.11648355771228003,0.03341899036415086,-0.08009151345499188,-0.5996015940039342,,0.12362396722192304,1.0502682972086652,-0.044662291261684084,0.5185207952971986
HYPE3,0.1381296196172386,0.364640008275513,-0.0629371021119084,-0.1625000238418579,-0.2482468978968767,-0.17791409535386238,0.44708415629794773,0.29653800231251237,0.6803044841944579,-0.033121786115291055,0.6017193487356602
IGTI11,0.07430874045263064,0.3328329571810312,-0.03355704640711421,-0.05841325725334989,0.08054030159008385,,,0.13312606067592841,1.1873138363162203,-0.03356226723693523,0.6305691809813772
IRBR3,-0.045096610033281484,0.6018705640670963,-0.13735729662899276,0.16880729670064198,0.05588445739837633,-0.9435399540599102,,-0.12477202660622184,0.9885849418374959,-0.0523306856821812,0.42845511052399887
ITSA4,0.1740016565311971,0.4121656529325683,-0.05431876060039198,0.04322196141385115,0.2543307610783263,-0.017182550031706323,0.7265339146495835,0.3493781092786891,0.9568273625162399,-0.034277835486769034,0.7997631286506915
ITUB4,0.15176753191262332,0.34398235012915657,-0.0685698966438908,0.0427120766047735,0.2829842345468305,-0.026763287233312782,0.6905456818975526,0.3539935460842765,1.0266374624438361,-0.031778149542819614,0.7481766308106133
JBSS3,0.21156858871960796,0.4926396326793036,-0.06242774400778284,0.5551293229881771,0.7814387840562824,0.08749576633182454,2.5492338520980575,0.368562691012326,0.8951855872841324,-0.04378610561463729,0.48999600358928075
KLBN11,0.10813551092355897,0.29178637283782194,-0.025594126481802038,-0.06528493631158072,-0.017922888396973646,0.5318092969494674,0.9959148974465699,0.26778327638689126,0.4232280527784616,-0.02730488906360005,0.38798361217820154
RENT3,0.28138447354239254,0.42715132416584606,-0.013885623188546359,-0.2009915594364985,-0.24479601655505856,0.004595196162432202,2.5125353019689953,0.5885138575499063,0.9241725195018686,-0.03774034069030766,0.6929550710972366
LREN3,0.17660285984612634,0.5673792186241073,0.004437044961695946,0.0360412519801836,0.40061873031064565,-0.5885276563878638,0.6802643018851631,0.2583860230229048,0.948303753182633,-0.03863272442632606,0.6731842594105705
LWSA3,0.18341074142464775,0.684093893959696,-0.08888891008165145,-0.23791824955032836,-0.34504796250384284,,,0.22425392592918844,1.265854801172405,-0.06896549885256886,0.4869618202917731
MGLU3,0.24744953150900748,0.6299528028153191,-0.2138211441998188,-0.44425285699455996,-0.45298035996145514,-0.8787252667110508,2.8247118800638,0.3451838463726248,1.1666435739185554,-0.055392648796808226,0.5497860522121433
MRFG3,0.10076090468059969,0.4844166863503219,-0.07681755085183783,0.3235004854642969,0.9507246162480256,0.41154859234016294,1.0294979528631516,0.14607445753721746,0.7717331089902949,-0.04289255388073751,0.46141819391273675
BEEF3,0.025522506525424364,0.42132073167321005,-0.11388884952038791,-0.07132456758087524,-0.2171778634277467,-0.2635198123393814,-0.47674271722590333,-0.010627280211904035,0.548596901251392,-0.039112314758370584,0.3856647902376383
MRVE3,0.12267702869309798,0.5177549492452758,-0.014120684730817179,0.00523559719267741,-0.185577987296209,-0.5661017233163554,0.031489712114426416,0.17899786149450045,1.1849199265257553,-0.04709102939114124,0.6296936541845334
MULT3,0.13754050648719504,0.3685119559069963,-0.005782560348575716,0.021386174872370045,0.0701245023778938,-0.006165697214183252,0.35736846923828125,0.29182365663689813,0.8015689235388762,-0.0325294141636346,0.710855276549793
PCAR3,0.10012833441414822,0.632533036060801,-0.11562503702007176,-0.017361176648623022,-0.1651917887518619,-0.7862693428200214,-0.7149877796473574,0.11086904622544848,0.1760809336236991,-0.02452775820652103,0.23752100283102276
PETR3,0.15754877346552534,0.44466799943728214,-0.012887849543246954,0.044180761752946385,0.16114547587278882,0.3944706953179671,1.0973631871448566,0.2868404599092707,1.238263337145188,-0.041101137850646605,0.7097764439308744
PETR4,0.15561680491121385,0.43891107117326833,-0.012010420199370264,-0.02019675817890576,0.16002456749318839,0.40773814486639726,0.8087954117871774,0.2862010397127218,1.1809606974963867,-0.04068474532320117,0.6962049974514768
RECV3,0.16325893889930282,0.4658765019446118,-0.0869781275847441,-0.12814422850960305,-0.04966368795973586,,,0.2860391935267558,1.1674885918215407,-0.046649790965111515,0.45209003267247005
PRIO3,0.3026016964763981,0.7284143396517891,0.029641564842796786,-0.08644236350091383,0.020728925188662428,12.15619574375924,33.25841166012702,0.3742398819423468,1.1209919931162553,-0.05884297494363011,0.5933279502666972
PETZ3,-0.1171052834386115,0.5869390613188589,0.0020284440628888234,0.21078435039117016,0.14883717165050192,,,-0.25063127185310213,1.3002294395310778,-0.051997767118653525,0.4160530533408485
RADL3,0.3866880674498983,0.4124029532500047,-0.09064853817547036,-0.04550586629851994,-0.08375456816870708,0.4252267934427114,4.958284843043705,0.8649018263302028,0.4327564002021035,-0.030177775691389852,0.4632650758703697
RAIZ4,-0.1886866294233048,0.415169887688237,-0.028662468019451603,-0.08682633811538676,-0.1210374849657162,,,-0.5267401030479428,1.2427289005800743,-0.04432698863769695,0.5451487205151835
RDOR3,-0.1305512227150482,0.3911581108144321,-0.07868552448237653,0.21801511678310193,0.24531370520878704,,,-0.41045096158370276,1.1512732893786328,-0.03922656775884858,0.5424433398936791
RAIL3,0.1268540582384393,0.4692559342434828,-0.0844424082275611,-0.11412076565647766,-0.08149164854378055,-0.1507023858097808,,0.20639921878576528,1.018465884851438,-0.03922966537078225,0.6668903850529859
SBSP3,0.21764991097706687,0.3792065412774139,-0.07611653088589043,0.0741102116431589,0.4483892591317451,0.7221029099051521,3.3710319153545916,0.49484882392835344,0.8218649549113352,-0.0341420050737605,0.6393386433348193
SANB11,0.07644669566133883,0.33986844667536226,-0.09306744285712731,0.017761989583504834,0.09938604012531704,-0.33977659340858335,0.9530168728107411,0.1366608054254124,0.9564405511250396,-0.03174872643661707,0.7355195379599496
STBP3,0.2905744086712691,0.5939220988124553,0.07697941426919086,0.11372252067625999,0.7849332196185765,1.2846034171946297,14.46315764707211,0.43873499435748653,0.45096429499316365,-0.03104376942103499,0.5689449983915736
SMTO3,0.1559011394677486,0.4063265346166877,0.03725782393125576,-0.0827018186930345,-0.2609503184011608,0.4699049296501565,1.0853932102676787,0.30985212321050787,0.696269568000362,-0.03521281450656909,0.5564078433151808
CSNA3,0.16784149932785222,0.5338893494544253,0.09627065360438869,-0.17547290239861846,0.0934255955452521,-0.13365317264367926,0.21305184748313266,0.2581836469836131,1.342406679921249,-0.048692202250442185,0.6391019511359348
SLCE3,0.1925688267492312,0.41717585762576803,0.021652483454972504,-0.09535819468967954,-0.05953318631459137,1.3933041344046044,4.199592682669157,0.3896889615675346,0.5647258863030996,-0.037118656912525194,0.3549671862500522
SUZB3,1.0214808873346857,4.2878161322117645,0.008502193036935113,-0.1453319464826598,0.013636363636363669,0.6741742125313381,1.7861069146582076,0.2312321370047308,0.08672936347883475,-0.020486514902375925,0.2630933621654184
TAEE11,0.10378599413284638,0.27561551454154876,-0.044084872330576674,-0.052282244109801645,0.0002919217965897669,0.19539422553858632,0.5308310816022241,0.26771350029253604,0.32285149433793275,-0.025048372735267117,0.46914507703356834
VIVT3,0.05808283519744255,0.2862674747418184,-0.009071117737463719,0.08222701824463763,0.23546709031867596,0.26259826747836423,0.43736839294433594,0.09809998576600489,0.3951940122244136,-0.027114812458562364,0.45953237881721776
TIMS3,0.20993557040440278,0.5114078188355848,-0.04723559851896364,-0.0028089460226743412,0.18967827809884397,0.48535567224344023,0.5962230380101825,0.35184360460912545,0.6495963888532372,-0.03660795627461829,0.5370490454524547
TOTS3,0.20467138617997144,0.3666672531321039,-0.060107484024674585,0.005026907997516039,0.044403006266209744,0.5873339052492339,1.0620110128890259,0.47637574582380376,0.5403375600807265,-0.03487133774661418,0.6047976007721709
TRPL4,0.10084651427486693,0.3788259497892353,-0.03864546637295019,-0.03518596801526608,0.06019327408205699,-0.03170148126439454,1.9592413567337696,0.18701600118546077,0.4450841741466574,-0.0294155394539372,0.49044057491110205
UGPA3,0.12347787379501322,0.48468861804531593,-0.09176669887021494,-0.2451888557274261,0.1479674487450473,1.6254131754393661,0.6235557567378525,0.19286170608255035,0.5231459732404536,-0.026473797729143832,0.4846619430981331
USIM5,0.11597922170336458,0.5333551179412521,0.021381598038191507,-0.39355467021960033,-0.032710285927005645,-0.23616236768355559,-0.22952857135926863,0.16120445611405007,1.2515606522128395,-0.04862004005040527,0.6204373477078873
VALE3,0.15518640963329713,0.4144937003172063,0.08850170524938217,0.008718129278331821,-0.05146505333221063,0.254870423646679,0.9917117587097641,0.3020224662944062,1.073716168381696,-0.038754917929401236,0.6197882374906685
VAMO3,0.01617603720184323,0.4773185202029283,-0.26562500097012776,-0.30024819195309527,-0.35542858668736044,,,-0.02896171468955283,1.4319982035585888,-0.05187593811828219,0.5499079483576786
VBBR3,0.08648096828098005,0.40881820031904514,-0.12867923952498528,-0.0905868173434562,0.21334731053328482,-0.15390255119228502,,0.13815668734146824,1.0985998319359718,-0.03739641339410732,0.7074728755194162
VIVA3,0.1645442254987665,0.5124110356137389,-0.005028713681074604,0.11289680362385512,0.014280531110351324,,,0.26257089747806955,1.2871119364832257,-0.040003367052030836,0.6468712690140508
WEGE3,0.257462501663142,0.33547938550198814,0.009446162357439114,0.42782296605768755,0.550056889548348,3.595278379229648,9.674199776718797,0.6780222913630978,0.5531715438765346,-0.030660177230461133,0.5298373433104793
YDUQ3,0.13834851506381596,0.4964248280055037,0.015984000374991147,-0.4205127909739259,-0.5140946044908081,-0.6965990472133647,-0.626514864221011,0.2182576473846605,0.8140326768971321,-0.04556065407183034,0.5433159398956783
