munic;pib;pib_pcap;area;dist_cap;pleb_caraj_dum;pleb_tapaj_dum;dum_car;dum_tap;bf;acomp_fami_bf;ifdm;emprego_renda;educ;saude;ifgf;rec_propria;pessoal;invest;liquidez;custo_divida;var_politica;carajsim;tapsim
Abaetetuba;456256.932;3263.2;1610.6;103;0;0;0;0;6991;0.6026;0.571046783;0.400114916;0.637842766;0.675182668;;;;;;;7908039.14;0.029110566;0.032653527
Abel Figueiredo;42869.501;6153.22;614.3;584;1;1;1;0;444;0.8723;0.545982057;0.222497193;0.713746447;0.701702532;0.543871515;0.278836263;0.528578741;0.459742545;0.802545536;0.781883212;1105048.73;0.909188608;0.907502017
Acara;240422.151;4957.06;4343.8;210;0;0;0;0;2841;0.6249;0.51218504;0.282759164;0.647165809;0.606630146;0.143031473;0.099691139;0;0.333693072;0;0.455200257;5239786.91;0.032701191;0.035171603
Afua;100038.41;3065.56;8372.8;418;0;0;0;0;1101;0.4746;0.47014063;0.322251952;0.479597139;0.608572799;;;;;;;0.00;0.056926142;0.057673134
agua Azul do Norte;187433.199;6004.4;7113.9;841.5;1;1;1;0;1568;0.8644;0.504467751;0.340079273;0.50275636;0.670567621;0.47922468;0.100706042;0.791503821;0.886378767;0;0.790422385;3073831.08;0.988515773;0.987463557
Alenquer;208143.067;3647.35;23645.4;1474.5;1;1;0;1;3199;0.8107;0.518849241;0.324178759;0.56470258;0.667666383;0.155138956;0.05652745;0;0.319154539;0.003659535;0.697871131;4855647.65;0.955862923;0.964391937
Almeirim;345153.567;11065.45;72954.5;598;1;1;0;1;1491;0.6307;0.547848496;0.436044558;0.548441615;0.659059314;0.687363786;0.565698249;1;0.093704732;1;0.889981148;4711989.71;0.794424297;0.810327856
Altamira;608372.779;6160.74;159533;921;0;0;0;1;2331;0.4578;0.589955617;0.372255899;0.698208722;0.69940223;;;;;;;8307577.79;0.346561868;0.355319342
Anajas;62534.561;2283.45;6921.7;170;0;0;0;0;1421;0.7471;0.356319143;0;0.45545237;0.613505058;;;;;;;0.00;0.02946054;0.031640625
Ananindeua;3243369.407;6416.01;190.5;14;0;0;0;0;21621;0.8012;0.670131724;0.59700616;0.653700265;0.759688746;;;;;;;9642824.62;0.061857123;0.0694621
Anapu;77226.925;3781.74;11895.5;81;1;1;1;0;806;0.7196;0.475389155;0.292237729;0.462794378;0.671135358;0.647709437;0.047802741;0.94344633;1;0.557466922;0.742483385;2864468.78;0.810138249;0.81157919
Augusto Correa;111036.953;2824.15;1091.5;231;0;0;0;0;3219;0.9496;0.499780873;0.315589284;0.542741791;0.641011543;;;;;;;4334742.80;0.02513138;0.027679316
Aurora do Para;86019.956;3854.8;1811.8;290;0;0;0;0;1960;0.915;0.433097528;0.180787975;0.494312199;0.624192409;0.312663003;0.029422049;0;0.083774516;0.831972335;1;2356161.10;0.035878181;0.040371375
Aveiro;54393.734;2683.99;17073.8;207;1;1;0;1;1078;0.6375;0.465461843;0.36035261;0.497025879;0.539007039;;;;;;;0.00;0.976072739;0.97922327
Bagre;45750.636;2244.22;4397.3;340.5;0;0;0;0;763;0.6342;0.473293804;0.301122183;0.394919941;0.723839289;;;;;;;0.00;0.016784156;0.018145161
Baiao;105948.261;3743.89;3758.3;254;0;0;0;0;2305;0.9324;0.511168234;0.293127693;0.606026066;0.634350942;0.291272918;0.052739614;0;0.173979217;0.666190955;0.903682162;3170554.12;0.066369214;0.075263562
Bannach;30876.367;7822.74;2956.6;856.5;1;1;1;0;184;0.6259;0.504916924;0.29798791;0.543014408;0.673748454;0.519268259;0.098772476;0.713675952;0.317605006;0.772663653;0.911569141;1035531.59;0.981158088;0.981184029
Barcarena;3287297.247;35512.63;1310.3;87;0;0;0;0;3573;0.7398;0.645338774;0.568998463;0.659264511;0.707753348;;;;;;;0.00;0.057028079;0.066411186
Belem;16526989.01;11496.24;1059.4;0;0;0;0;0;14101;0.2132;0.766195042;0.866748623;0.667182251;0.764654251;0.684430486;0.669802339;0.619052796;0.524438979;0.881745823;0.780465003;29623576.43;0.051334432;0.061178814
Belterra;68352.071;5394.37;4398.4;1467;1;1;0;1;1166;0.7278;0.405583721;0;0.630877015;0.585874148;;;;;;;0.00;0.981761387;0.987486124
Benevides;519243.179;11139.93;187.8;36;0;0;0;0;2618;0.8944;0.609248817;0.482446481;0.647326961;0.697973008;0.571839016;0.126937841;0.705657494;0.476998297;0.795024607;0.982999119;4288308.84;0.054704163;0.05941611
Bom Jesus do Tocantins;63053.153;4638.65;2816.5;593;1;1;1;0;783;0.675;0.527475693;0.34687127;0.633665223;0.601890585;0.611844088;0.216020761;0.732951738;0.325890113;1;1;1538997.83;0.921875;0.920404502
Bonito;36021.889;2998.58;586.7;149;0;0;0;0;1035;0.9981;0.504781146;0.379331974;0.49539187;0.639619593;0.521897219;0.044236758;0.677361622;0.62627788;0.606792709;0.820967006;1263727.14;0.029004329;0.029984143
Braganca;382807.569;3575.64;2091.9;215;0;0;0;0;7638;0.8419;0.527567817;0.422299501;0.604285455;0.556118495;0.392855026;0.163537791;0;0.701341683;0.575722299;0.687196275;5422969.69;0.038354102;0.044689081
Brasil Novo;78731.859;3985.62;6362.6;967;1;1;0;1;888;0.7675;0.56817811;0.217935924;0.67755287;0.809045536;;;;;;;2197534.03;0.735740072;0.748616125
Brejo Grande do Araguaia;32709.024;4254.56;1288.5;620;1;1;1;0;372;0.5345;0.502339858;0.28592559;0.636012581;0.585081403;0.605078399;0.070975374;0.853041956;0.542755576;0.931689444;0.654243701;1207740.79;0.99169047;0.990075738
Breu Branco;282525.69;5412.37;3941.9;390;1;1;1;0;2580;0.9165;0.516925192;0.283788084;0.582576574;0.684410917;0.542325986;0.125727304;0.531764598;0.868657276;0.515133936;0.830372851;5722099.89;0.828723719;0.825276611
Breves;300338.157;2970.88;9550.5;294;0;0;0;0;4224;0.5421;0.475047716;0.341241477;0.479019305;0.604882366;0.274828345;0.046943775;0;0.39692509;0.393920357;0.863257702;8598181.71;0.024770815;0.026326537
Bujaru;73291.044;3098.46;1005.2;80;0;0;0;0;993;0.5161;0.473130845;0.31471533;0.546861113;0.557816091;;;;;;;0.00;0.024677235;0.027146361
Cachoeira do Piria;47205.387;2514;2462;256;0;0;0;0;1424;0.8091;0.367350591;0;0.54341581;0.558635962;;;;;;;0.00;0.124195804;0.128323538
Cachoeira do Arari;62800.128;3076.78;3101.7;120;0;0;0;0;961;0.7657;0.493741685;0.328460001;0.559443243;0.593321812;0.511406936;0.069083042;0.447129607;0.480807065;0.861040306;0.93343431;2026228.69;0.024992562;0.025531492
Cameta;328735.412;2807.33;3081.4;212.8;0;0;0;0;7072;0.8651;0.523106354;0.393942351;0.542434183;0.632942527;0.498803815;0.05253976;0.479747551;0.290290993;0.949945968;0.999858541;8624034.05;0.022558246;0.026335285
Canaa dos Carajas;852967.197;30820.86;3146.4;752;1;1;1;0;531;0.3517;0.597166706;0.34985629;0.636166808;0.80547702;0.451238752;0.36672543;0.595020028;0.16346608;0.435849582;1;7009329.51;0.951241015;0.949911769
Capanema;407624.239;6326.72;613.6;160;1;1;0;0;3679;0.8238;0.59063663;0.489074389;0.660027379;0.622808124;0.471516773;0.304739281;0.701877398;0.469679193;0.212662577;0.915011226;5074296.55;0.033801758;0.041681129
Capitao Poco;160230.154;3034.83;2899.5;218;0;0;0;0;4718;0.8703;0.489301382;0.344229652;0.550916397;0.572758097;0.361307669;0.056454782;0.446005902;0.554946958;0.23344916;0.708648889;3256318.37;0.048422129;0.0527258
Castanhal;1216351.327;7531.73;1028.9;73;0;0;0;0;7282;0.6673;0.641737616;0.57102361;0.64929912;0.704890116;0.240249048;0.232209392;0;0.463627268;0;0.836857999;11371667.08;0.058223922;0.066062513
Chaves;68304.541;3330.95;13084.9;363;0;0;0;0;753;0.5222;0.461875427;0.341146939;0.487400725;0.557078616;;;;;;;0.00;0.059045226;0.061086683
Colares;37286.61;3261.31;609.8;100;0;0;0;0;966;0.9209;0.559491721;0.292880488;0.669762762;0.715831913;;;;;;;2088381.44;0.034731114;0.038763415
Conceicao do Araguaia;230119.13;4871.59;5829.5;979.5;1;1;1;0;4085;0.9509;0.558404794;0.39459361;0.613047549;0.667573222;0.406652321;0.09120704;0.543112916;0.853532311;0;0.71885561;3291848.65;0.970796811;0.969973545
Conccrdia do Para;85260.572;3831.76;690.9;150;0;0;0;0;2087;0.9868;0.542147531;0.453042718;0.693621004;0.47977887;0.259992847;0.113757356;0.439281713;0.15746571;0.031058985;0.931410004;3185980.27;0.026558613;0.029043646
Cumaru do Norte;81871.835;6885.77;17085;972.5;1;1;1;0;265;0.3955;0.471192981;0.399463744;0.51573057;0.498384628;0.404913469;0.11555308;0.653620206;0.636141933;0;0.887175449;1776265.67;0.92697201;0.926095821
Curioncpolis;85909.014;4787.62;2368.7;657;1;1;1;0;2297;0.9318;0.507723141;0.30311414;0.590142896;0.629912387;0.4638852;0.290289104;0.723371241;0.328426474;0.288221497;0.970658289;2068782.30;0.959875644;0.960354568
Curralinho;55652.522;2020.57;3617.2;206;0;0;0;0;1211;0.6207;0.478933884;0.345702917;0.491686116;0.599412618;;;;;;;0.00;0.018794556;0.02037603
Curua;51835.184;3992.24;1431.2;987;1;1;0;1;10;0.0111;0.451396666;0.27772569;0.615514428;0.460949881;0.217912331;0.010176898;0;0.549613511;0;0.91959489;1637374.10;0.985784827;0.988912197
Curuca;106017.227;2884.98;672.7;132;0;0;0;0;1841;0.6001;0.50883763;0.264474301;0.587840706;0.674197884;0.19678001;0.06810824;0;0.204047298;0.162907893;0.988907382;2984676.33;0.022777929;0.025776279
Dom Eliseu;229661.16;5875.49;5268.8;453;1;1;1;0;1752;0.4438;0.541650219;0.374955901;0.631725366;0.618269389;0.262390194;0.281521096;0.42649869;0.156955471;0;0.677707607;4460092.44;0.896842941;0.895495291
Eldorado dos Carajas;161438.782;5519.09;2956.7;627;1;1;1;0;1470;0.5243;0.432991261;0.248751024;0.497586583;0.552636176;0.295510203;0.130367678;0.510097405;0.26538618;0;0.916936687;3211154.82;0.986002192;0.985963132
Faro;40236.57;2054.46;11770.6;1181;1;1;0;1;448;0.4848;0.43653517;0.141326652;0.522813579;0.64546528;0.532096786;0.040326952;0.887679133;0.012621617;0.979802457;1;1550288.49;0.967993755;0.971339239
Floresta do Araguaia;178405.475;11415.03;3444.3;1094.5;1;1;1;0;889;0.5505;0.636727106;0.684633359;0.588942791;0.636605168;0.181763598;0.052352466;0.462515118;0.068902454;0;0.504153394;2010886.29;0.983679857;0.983415509
Garrafao do Norte;74992.078;2936.49;1599;244;0;0;0;0;2052;0.7475;0.437543961;0.305999438;0.507768333;0.498864112;0.321412214;0.028514184;0.545851397;0.382337159;0.106238766;0.822503754;3229173.75;0.056657224;0.062677349
Goianesia do Para;127624.223;4376.09;7023.9;347;1;1;1;0;1806;0.9071;0.525384948;0.34103151;0.638556414;0.59656692;0.581399908;0.105197733;0.519766254;1;0.810751968;0.333638176;5059295.07;0.83652636;0.830884411
Gurupa;79299.139;3108.43;8540.1;485;0;0;0;0;1251;0.6376;0.452839098;0.299515591;0.517022473;0.541979229;0.457230278;0.087417139;0.431982516;0.142622869;0.994600584;0.84490079;3449125.78;0.035935199;0.039231071
Igarape-Acu;106980.842;3035.69;786;121;0;0;0;0;2705;0.8326;0.585985264;0.529441415;0.576555613;0.651958763;0.386073554;0.168995917;0.655716417;0.24769814;0.27716531;0.824190026;2813507.23;0.032321153;0.034624685
Igarape-Miri;156092.749;2738.33;1996.8;123;0;0;0;0;3481;0.7727;0.470688252;0.237714449;0.611032339;0.563317967;0.150737884;0.041906807;0;0.202785251;0;0.956821711;5305675.93;0.019864407;0.022878479
Inhangapi;32318.248;3114.41;471.4;89;0;0;0;0;488;0.6835;0.552784909;0.374704028;0.60275084;0.680899859;0.326103137;0.015638725;0.679750049;0.444335845;0;0.696650982;1117457.75;0.030539649;0.033182766
Ipixuna do Para;220101.863;4957.7;5215.5;242;0;0;0;0;2763;0.8272;0.542373852;0.466944175;0.548164169;0.612013211;0.486556221;0.135688813;0.703367893;0.956279927;0;0.826054789;4232676.70;0.048335613;0.052597936
Irituia;81347.428;2662.59;1379.4;168;0;0;0;0;1867;0.7429;0.482105303;0.309510101;0.547720573;0.589085235;;;;;;;2800028.65;0.041087027;0.045192245
Itaituba;604472.24;4728.05;62040.1;1473;1;1;0;1;5366;0.6776;0.587152293;0.534556397;0.573356296;0.653544187;;;;;;;8346153.75;0.921946911;0.93571196
Itupiranga;188305.257;4533;7880.1;572;1;1;1;0;2493;0.5407;0.435733693;0.256625836;0.458859334;0.591715908;0.3202478;0.092042803;0.497121799;0.489378882;0;0.775755162;4414932.83;0.97889595;0.978613184
Jacareacanga;80748.668;1946.36;53303;1818;1;1;0;1;621;0.4701;0.440370348;0.389555063;0.421587679;0.509968303;0.419893068;0.046313215;0.724213391;0.66175435;0.155285145;0.626906953;2999343.61;0.91841443;0.919453207
Jacunda;221262.139;3958.18;2008.3;427;1;1;1;0;2325;0.6708;0.521132916;0.344156794;0.559944838;0.659297115;0.54305657;0.183373348;0.639961032;0.145805933;1;1;4935368.06;0.937898228;0.936499606
Juruti;272503.261;7669.67;8305.1;1076;1;1;0;1;2710;0.8267;0.619909224;0.528257291;0.66394037;0.667530009;0.933619157;1;0.887675859;1;0.857730215;0.909027907;4150576.82;0.927719186;0.935602625
Limoeiro do Ajuru;78205.493;3132.35;1490.2;266.8;0;0;0;0;1604;0.9042;0.49238778;0.335726591;0.577070743;0.564366006;0.286126014;0.14265113;0.441906314;0.242669284;0;1;2684143.45;0.04817457;0.05509827
Mae do Rio;144473.656;4966.95;469.5;188;0;0;0;0;1681;0.6275;0.557845785;0.342952397;0.682229121;0.648355838;0.150446303;0.074128419;0;0.219943208;0;0.842801868;3022382.18;0.039152716;0.044823103
Magalhaes Barata;23328.38;2954.83;323.7;160;0;0;0;0;665;0.7143;0.493220929;0.231223231;0.605097801;0.643341757;;;;;;;0.00;0.024125719;0.027266681
Maraba;3058908.921;15064.88;15128.4;527;1;1;1;0;4940;0.5007;0.66315769;0.707272912;0.629659683;0.652540476;0.705161256;0.42138339;0.604441527;0.780645241;0.927505785;0.900166689;20664411.35;0.92807878;0.924213684
Maracana;94502.713;3212.52;857.2;168;0;0;0;0;1683;0.5625;0.483172424;0.219485552;0.592645418;0.637386302;0.132997031;0.108277406;0;0.182458723;0;0.675814016;3079163.16;0.020902236;0.021939418
Marapanim;95740.649;3417.97;796;152;0;0;0;0;1204;0.4516;0.524342146;0.355542113;0.570307039;0.647177287;;;;;;;2691468.86;0.024684312;0.02947684
Marituba;518739.182;5128.01;103.3;19;0;0;0;0;5846;0.7553;0.597427736;0.42443551;0.652887532;0.714960167;0.124765588;0.083725281;0;0.133796314;0;0.758232287;8450834.26;0.059562947;0.063011404
Medicilandia;134716.722;5688.57;8272.6;860;1;1;0;1;1657;0.9934;0.520908648;0.312010464;0.584466216;0.666249264;0.475442658;0.06871325;0.527882118;0.248509574;0.902998527;0.821193776;2656037.97;0.848462665;0.861683613
Melgaco;49263.667;2790.04;6774;296.3;0;0;0;0;1212;0.6054;0.429892307;0.270045275;0.507108372;0.512523274;0.494334325;0.015921467;0.584813746;0.242300726;0.909561062;1;2464290.43;0.02351145;0.024625268
Mocajuba;78208.402;3166.97;870.8;224;0;0;0;0;1967;0.9132;0.54133848;0.34828553;0.697801102;0.577928808;0.429031365;0.077541648;0.486610916;0.143366687;0.846634332;0.793468088;3006979.44;0.025680087;0.030133604
Moju;234566.486;3419.34;9094.1;105;0;0;0;0;2956;0.6339;0.56035512;0.55096067;0.510469391;0.619635298;0.273263521;0.076303251;0;0.504939052;0.223407297;0.922173612;6714813.81;0.040212046;0.046113537
Monte Alegre;253144.663;3959.04;18152.5;774;1;1;0;1;3417;0.5856;0.530445596;0.351373212;0.617399135;0.622564441;0.354290672;0.251863717;0;0.411904442;0.589441789;0.723184332;5663124.06;0.941251552;0.951509291
Muana;72737.627;2379.54;3765.5;80;0;0;0;0;1455;0.6376;0.472018603;0.391639978;0.448045431;0.576370401;;;;;;;0.00;0.024026978;0.025370722
Nova Esperanca do Piria;69204.704;2876.1;2809.6;264;0;0;0;0;2359;0.9866;0.442818547;0.257158073;0.481899391;0.589398178;0.2752594;0.054897899;0.575183834;0.229961485;0;0.817496762;2353903.30;0.052056097;0.059502559
Nova Ipixuna;53906.359;3570.67;1564.2;481;1;1;1;0;569;0.5187;0.491956284;0.357190686;0.506992245;0.611685922;0.436665471;0.104243061;0.546720197;0.222402032;0.689302205;0.850652853;1934300.32;0.965002134;0.965207472
Nova Timboteua;44749.252;3529.96;489.9;144;0;0;0;0;1084;0.8742;0.460465045;0.276658595;0.547690527;0.557046012;0.293319879;0.022647159;0;0.280678949;0.620832931;0.853840954;1544767.98;0.026794005;0.026915937
Novo Progresso;150373.87;6992.83;38162.4;1818;1;1;0;1;465;0.5071;0.577779333;0.415059907;0.717640164;0.600637929;0.539914902;0.14786564;0.697166155;0.668062852;0.442082695;1;3443818.68;0.971363905;0.977650881
Novo Repartimento;237766.778;4263.96;15398.7;438.2;1;1;1;0;2656;0.5669;0.514884828;0.430655795;0.484282386;0.629716303;0.427444591;0.142988983;0.442553465;0.541998308;0.351312926;0.947025127;8616256.33;0.956019812;0.955625163
cbidos;205298.023;4239.15;28021.3;1000;1;1;0;1;2989;0.6792;0.488035801;0.281047428;0.638066825;0.544993149;;;;;;;3945214.90;0.914030449;0.924877915
Oeiras do Para;89607.398;3344.06;3852.3;783;0;0;0;0;1985;1;0.508579747;0.380384669;0.519055384;0.626299189;;;;;;;3091808.46;0.022053983;0.02585639
Oriximina;852071.453;14519.9;107603;1045;1;1;0;1;3290;0.807;0.624900591;0.61018269;0.644019577;0.620499505;0.589787663;0.227141878;0.747124295;0.320213596;1;0.735297149;10066252.56;0.791414103;0.808846095
Ourem;49183.366;3104.81;562.4;190;0;0;0;0;1730;0.9841;0.521206354;0.231407355;0.674913861;0.657297846;0.492954986;0.144688538;0.747642882;0.440048919;0.48743528;0.834964717;1741839.22;0.021094191;0.024918255
Ourilandia do Norte;218164.866;10229.51;14339.4;918.5;1;1;1;0;642;0.4058;0.693594935;0.680995751;0.708935757;0.690853296;0.768043823;1;0.868018565;1;0.11476177;0.969182474;2978388.78;0.950981932;0.94975191
Pacaja;158200.592;3770.9;11832.3;506;1;1;1;0;1739;0.5707;0.463597704;0.319583574;0.42602345;0.645186089;;;;;;;3922543.59;0.918817957;0.919092123
Palestina do Para;30205.085;4137.12;984.4;634;1;1;1;0;622;0.8687;0.485705929;0.318104906;0.547082358;0.591930522;0.386571239;0.134064756;0.716800881;0.107567497;0.31718304;0.995575996;1190141.55;0.985380117;0.986645299
Paragominas;878875.212;9027.99;19341.9;311;0;0;0;0;2955;0.4105;0.550685416;0.31395866;0.703870712;0.634226875;0.583918771;0.244090386;0.441056636;1;0.560837862;0.785721723;10095677.02;0.07538321;0.084688464
Parauapebas;5617969.341;36772.35;6957.3;687;1;1;1;0;2887;0.3147;0.758640465;0.795339018;0.695461733;0.785120643;0.611851754;0.369883526;0.806197317;1;0.20428083;0.762703773;30754311.16;0.90803809;0.904977249
Pau DArco;36384.553;5578.74;1671.4;856.5;1;1;1;0;541;0.6883;0.495051866;0.321835594;0.549574958;0.613745047;0.189252108;0.048571674;0.472003945;0.205818202;0;0.258134983;1274171.92;0.969026549;0.969249692
Peixe-Boi;23817.724;3008.81;451.3;151;0;0;0;0;978;0.999;0.451686294;0.187655544;0.576390366;0.591012972;0.217342112;0.025903287;0.526318926;0.15451139;0.035007053;0.504504647;1096088.86;0.019886364;0.024201749
Picarra;76790.753;5844.05;3312.7;717;1;1;1;0;785;0.6597;0.459032525;0.291821054;0.513267006;0.572009513;0.301447908;0.090389117;0.464932128;0.340002788;0;1;1708020.68;0.995645646;0.995033113
Placas;63461.068;3239.13;7173.2;1181;1;1;0;1;969;0.969;0.427491975;0.175831414;0.475855154;0.630789356;0.394342464;0.025664232;0.609931917;0.672592578;0;1;1903623.11;0.981258706;0.985422741
Ponta de Pedras;76088.97;2877.25;3365.1;64.8;0;0;0;0;2025;0.9907;0.501204085;0.279383201;0.577893304;0.646335751;0.41419956;0.097343717;0.441416893;0.134629035;0.792044173;0.844769511;2261689.08;0.023732836;0.024324095
Portel;166577.476;3403.36;25384.9;158.4;0;0;0;0;3099;0.9064;0.479807059;0.408057903;0.463779329;0.567583946;0.404025031;0.101087964;0;0.509288487;0.759423739;0.958199881;5841421.00;0.033510767;0.034731046
Porto de Moz;76142.928;2710.58;17423.2;569;0;0;0;1;860;0.511;0.374165715;0.070675449;0.503031642;0.548790052;;;;;;;4251151.44;0.286547812;0.288451131
Prainha;109358.355;4115.86;14786.7;709;1;1;0;1;1652;0.626;0.519313075;0.381947699;0.532812749;0.643178776;0.324059382;0.056226035;0.456319484;0.247222007;0.236051948;1;3227692.72;0.970989375;0.975841764
Primavera;31326.788;2849.7;258.6;194;0;0;0;0;850;0.8374;0.49403378;0.328353576;0.576188566;0.577559196;0.204779818;0.323065774;0;0.168395485;0.082448753;0.756500652;708000.99;0.036598493;0.039461883
Quatipuru;47786.741;3550.54;324.3;207;0;0;0;0;1102;0.8425;0.493720796;0.243438142;0.60703559;0.630688655;;;;;;;0.00;0.038570921;0.053866667
Redencao;573767.694;8555.52;3823.8;879.5;1;1;1;0;2621;0.5893;0.566851286;0.403223462;0.664021149;0.633309248;;;;;;;6121470.18;0.953460076;0.951156421
Rio Maria;171342.99;9826.4;4114.6;793.5;1;1;1;0;592;0.657;0.573282976;0.338641199;0.62243191;0.758775821;0.523340307;0.120919409;0.473205871;0.599830604;0.72483545;0.916122567;2153010.39;0.95980912;0.958594331
Rondon do Para;244986.217;5128.24;8246.4;539;1;1;1;0;1893;0.5626;0.535365124;0.2570444;0.670525348;0.678525624;0.529700202;0.327514188;0.534371756;0.354121419;0.693771313;1;4399754.90;0.925747807;0.924890322
Rurcpolis;107944.171;2992.8;7021.3;1392;1;1;0;1;2137;0.9972;0.485826574;0.34398094;0.523577864;0.58992092;0.552287709;0.227875032;0.439619819;0.62951822;0.749557317;0.918093718;3239795.91;0.950544465;0.959810875
Salincpolis;156126.579;3984.45;237.5;217;0;0;0;0;2392;0.791;0.537570335;0.343320685;0.675408037;0.593982283;0.314928252;0.301888165;0.507534875;0.332192151;0;0.580648336;2991942.27;0.042908352;0.049161892
Salvaterra;69514.457;3835.49;1039.1;54;0;0;0;0;1707;0.9743;0.469344478;0.298005877;0.567729396;0.542298161;0.321165332;0.07269155;0.507864;0.292878069;0.226062974;0.737785986;2304163.58;0.051467185;0.053362979
Santa Barbara do Para;59371.122;4027.89;278.2;48;0;0;0;0;1163;0.8501;0.564880363;0.357587428;0.651538688;0.685514974;0.543187747;0.058617178;0.695364056;0.471586849;0.845818823;0.771256929;1736129.70;0.048853235;0.054539852
Santa Cruz do Arari;22389.117;3565.15;1075.2;138.9;0;0;0;0;289;0.8377;0.362652582;0;0.576806395;0.511151351;0.449377873;0.151683322;0.564182461;0.141200291;0.695724471;1;824733.48;0.01829955;0.01832018
Santa Isabel do Para;277844.898;4999.91;717.7;42;0;0;0;0;1466;0.3606;0.586703427;0.42616095;0.666710523;0.667238808;0.251349726;0.16092694;0.438659723;0.433388252;0;0.189303698;4483882.57;0.046862423;0.051830335
Santa Luzia do Para;58426.128;3172.4;1356.1;206;0;0;0;0;1846;0.7886;0.518750188;0.339559706;0.585981406;0.630709452;;;;;;;0.00;0.037507814;0.043383043
Santa Maria das Barreiras;92045.865;5177.52;10330.2;1048.5;1;1;1;0;840;0.6683;0.529723019;0.492888935;0.484730345;0.611549776;0.422703348;0.069773402;0.461427763;1;0;0.781830861;2549238.03;0.992040865;0.991168397
Santa Maria do Para;99888.146;4305.15;457.7;115;0;0;0;0;1564;0.6988;0.543572731;0.372093566;0.7097227;0.548901928;0.418254268;0.063303488;0.705406712;0.224244883;0.497258005;0.829563237;2223467.11;0.032075618;0.035656151
Santana do Araguaia;286106.016;5198.81;11591.5;1005.5;1;1;1;0;1777;0.8788;0.531608521;0.442383859;0.521188244;0.631253459;0.34713818;0.23687995;0.669650338;0.332845863;0;0.68278546;4640653.98;0.986758475;0.986587861
Santarem;1765658.373;6381.94;22886.8;1068.5;1;1;0;1;17287;0.9048;0.595712136;0.45510402;0.684306796;0.647725592;0.514682503;0.248222888;0.446048016;1;0.16936609;0.953641796;16819708.23;0.97782061;0.986329257
Santarem Novo;21127.818;3328.79;229.5;180;0;0;0;0;429;0.8049;0.538278239;0.225303367;0.680900411;0.708630939;0.296977759;0.051810869;0.46063268;0.179308584;0.309628692;0.716670727;1061478.02;0.039726388;0.044544017
Santo Antonio do Taua;104139.126;3877.83;537.6;59;0;0;0;0;1630;0.8014;0.495387873;0.288677478;0.657168265;0.540317876;;;;;;;0.00;0.043907939;0.047499005
Sao Caetano de Odivelas;58551.589;3472.4;743.5;116;0;0;0;0;1023;0.8151;0.494107349;0.277434779;0.625227018;0.579660249;0.534531922;0.067669266;0.469163218;0.432411713;0.968525009;0.985338501;1568624.67;0.046770361;0.050530188
Sao Domingos do Araguaia;92794.304;4205.88;1392.5;571;1;1;1;0;942;0.5108;0.466407918;0.312619512;0.555779147;0.530825095;0.29387331;0.064743848;0.422281776;0.580756921;0;0.536222377;2368835.70;0.976644831;0.975437928
Sao Domingos do Capim;85305.684;3055.03;1677.3;135;0;0;0;0;1834;0.6664;0.498479827;0.293839878;0.519723629;0.681875976;0.330954477;0.040202928;0.599531544;0.066294037;0.469063492;0.66558777;2809443.64;0.026547446;0.02783176
Sao Felix do Xingu;373894.494;5563.24;84213.1;1028.5;1;1;1;0;1081;0.3337;0.512320705;0.425450742;0.495571104;0.61594027;0.381896693;0.192284903;0.543202393;0.297201759;0.230563754;0.976648112;5456722.19;0.981176263;0.980347895
Sao Francisco do Para;52004.667;4428.57;479.6;95;0;0;0;0;884;0.6805;0.559432491;0.427642917;0.632967951;0.617686607;0.461756514;0.062073802;0.508439201;0.246023464;0.968782164;0.600598223;1570500.04;0.031039136;0.033438415
Sao Geraldo do Araguaia;130322.442;5207.27;3168.4;679;1;1;1;0;1625;0.5384;0.512822175;0.385802233;0.537648974;0.615015319;0.418685274;0.071297094;0.497948741;0.316195981;0.694459468;0.632074854;3247667.11;0.987653424;0.987251402
Sao Joao da Ponta;17295.592;3433.03;195.9;132;0;0;0;0;302;0.6214;0.431923257;0;0.628707476;0.667062296;0.436927651;0.079661996;0.56221798;0.513852123;0.403267115;0.861528278;897184.06;0.055919096;0.058648407
Sao Joao de Pirabas;66196.484;3326.46;705.8;201;0;0;0;0;1512;0.8164;0.508009384;0.321110276;0.633718973;0.569198903;0.524533927;0.058833254;0.543242483;0.445068671;0.866080832;0.940582475;2293341.18;0.022581934;0.024419536
Sao Joao do Araguaia;42977.3;3604.57;1279.9;576;1;1;1;0;603;0.4711;0.472605219;0.311017985;0.553363895;0.553433777;0.253962101;0.038055445;0.533577226;0.112643333;0;1;1707484.26;0.968893826;0.966762087
Sao Miguel do Guama;171330.625;3822.81;1110.2;147;0;0;0;0;1980;0.4924;0.535286494;0.344615422;0.663967843;0.597276216;;;;;;;0.00;0.034993496;0.038648762
Sao Sebastiao da Boa Vista;54654.158;2498.59;1632.2;174;0;0;0;0;1536;0.8227;0.461419767;0.301034922;0.54560228;0.537622101;0.36980236;0.038823176;0.825150017;0.364135217;0;0.934779677;1875721.88;0.032218201;0.034586466
Sapucaia;43872.195;7821.75;1298.2;736;1;1;1;0;243;0.8526;0.534493728;0.352955414;0.521108291;0.729417478;;;;;;;1191416.26;0.987604812;0.986116186
Senador Jose Porfirio;50105.029;3471.32;14374.2;783;0;0;0;1;1135;0.7276;0.549390809;0.344720346;0.606713885;0.696738195;0.27364614;0.084947922;0.443566162;0.103356418;0.139890119;1;1854630.18;0.280046674;0.289283213
Soure;81680.953;3636.89;3517.3;81;0;0;0;0;1446;0.897;0.540830088;0.302461121;0.668547918;0.651481223;0.328774886;0.218429773;0.480835557;0.355299362;0;0.914978299;2371708.37;0.040382662;0.04195982
Tailandia;351910.173;4839.25;4430.2;249;0;0;0;0;3032;0.6293;0.573547068;0.488828109;0.614645046;0.61716805;0.351221027;0.086201278;0.464218573;0.179211581;0.426244348;0.91148977;6249725.65;0.119964153;0.128036128
Terra Alta;27078.787;2559.43;206.4;101;0;0;0;0;826;0.9775;0.539419632;0.360670244;0.597293387;0.660295265;;;;;;;0.00;0.036152153;0.038394965
Terra Santa;55202.808;3449.31;1896.5;1147;1;1;0;1;849;0.5702;0.527994564;0.289817761;0.641367671;0.652798261;0.362739933;0.10562142;0.536525245;0.670257021;0;0.674491036;1932571.92;0.882517092;0.914457159
Tome_Acu;226379.469;4657.34;5145.3;203;0;0;0;0;1713;0.4468;0.53208203;0.428453419;0.551754359;0.616038312;0.41906356;0.273344703;0;0.420318208;0.780928679;0.872804521;5413520.30;0.040359835;0.045544876
Tracuateua;69502.98;2497.86;936.1;198;0;0;0;0;2304;0.8685;0.513169016;0.358274831;0.533398911;0.647833308;0.273907007;0.031173433;0.577152432;0.224378934;0;0.865484272;2782988.69;0.039010726;0.041544042
Trairao;69021.68;4028.35;11991.1;1538;1;1;0;1;960;0.7138;0.504690497;0.390161858;0.543531112;0.580378519;0.236325772;0.068613547;0.447581132;0.181985037;0;0.792353359;1790772.47;0.971798275;0.977774092
Tucuma;244780.055;8839.7;2512.6;928.8;1;1;1;0;1215;0.6582;0.595685364;0.452895807;0.673724712;0.660435574;0.723835014;0.307133006;0.639490716;0.946243473;0.949708136;0.842555643;3957268.99;0.964606605;0.962773723
Tucurui;2170090.099;22602.75;2086.2;427;1;1;1;0;2388;0.4766;0.647726425;0.552979398;0.662495403;0.727704474;0.397002474;0.252116346;0.440500411;0.581022152;0.361651973;0.290620253;15006771.98;0.612892231;0.607013584
Uliancpolis;172814.858;4797.75;5088.4;390;0;0;0;0;2020;0.9124;0.59086912;0.426464417;0.608931723;0.73721122;0.51351859;0.127039348;0.555003534;0.251395172;0.976820793;0.83710349;3213754.73;0.332422984;0.338916256
Uruara;181708.82;5378.87;10791.3;965;1;1;0;1;2893;0.983;0.548291586;0.443254285;0.53605106;0.665569413;0.643735979;0.110234782;0.667481648;0.823037922;0.815850001;1;3805089.34;0.955456072;0.963564113
Vigia;164092.57;3551.4;539.1;99;0;0;0;0;2614;0.809;0.501658941;0.273969528;0.699519396;0.531487898;0.433522314;0.125826545;0.490446249;0.45597107;0.411560149;0.996664108;3396621.83;0.033495104;0.035022322
Viseu;158801.549;2860.67;4915;331;0;0;0;0;4972;0.8051;0.419558107;0.261877721;0.493440371;0.503356229;;;;;;;5023846.15;0.050563019;0.054793924
Vitcria do Xingu;68070.366;7043.71;3135.2;805;0;0;0;1;955;0.8826;0.429485416;0;0.692086977;0.59636927;;;;;;;1440898.47;0.312703583;0.316937799
Xinguara;419696.092;10355.45;3779.3;768.5;1;1;1;0;1339;0.4581;0.647487429;0.604167709;0.597293916;0.741000663;0.482339703;0.127961559;0.56870646;0.694197419;0.379973788;0.839008776;5140237.69;0.972761914;0.971493191
