Data,BRL_usd
1/2/1995,0.844
1/3/1995,0.845
1/4/1995,0.845
1/5/1995,0.843
1/6/1995,0.84
1/9/1995,0.844
1/10/1995,0.847
1/11/1995,0.851
1/12/1995,0.845
1/13/1995,0.847
1/16/1995,0.847
1/17/1995,0.846
1/18/1995,0.846
1/19/1995,0.848
1/20/1995,0.848
1/23/1995,0.85
1/24/1995,0.851
1/25/1995,0.851
1/26/1995,0.845
1/27/1995,0.844
1/30/1995,0.846
1/31/1995,0.841
2/1/1995,0.842
2/2/1995,0.839
2/3/1995,0.839
2/6/1995,0.836
2/7/1995,0.836
2/8/1995,0.835
2/9/1995,0.833
2/10/1995,0.834
2/13/1995,0.832
2/14/1995,0.834
2/15/1995,0.836
2/16/1995,0.844
2/17/1995,0.85
2/20/1995,0.841
2/21/1995,0.842
2/22/1995,0.848
2/23/1995,0.847
2/24/1995,0.853
2/27/1995,0.851
2/28/1995,0.851
3/1/1995,0.852
3/2/1995,0.852
3/3/1995,0.859
3/6/1995,0.866
3/7/1995,0.887
3/8/1995,0.889
3/9/1995,0.889
3/10/1995,0.882
3/13/1995,0.881
3/14/1995,0.881
3/15/1995,0.885
3/16/1995,0.899
3/17/1995,0.898
3/20/1995,0.913
3/21/1995,0.898
3/22/1995,0.906
3/23/1995,0.908
3/24/1995,0.909
3/27/1995,0.91
3/28/1995,0.91
3/29/1995,0.906
3/30/1995,0.902
3/31/1995,0.9
4/3/1995,0.904
4/4/1995,0.899
4/5/1995,0.898
4/6/1995,0.895
4/7/1995,0.899
4/10/1995,NA
4/11/1995,0.901
4/12/1995,0.907
4/13/1995,0.909
4/14/1995,0.909
4/17/1995,0.905
4/18/1995,0.906
4/19/1995,0.913
4/20/1995,0.918
4/21/1995,0.908
4/24/1995,0.913
4/25/1995,0.921
4/26/1995,0.917
4/27/1995,0.917
4/28/1995,0.913
5/1/1995,0.918
5/2/1995,0.914
5/3/1995,0.904
5/4/1995,0.903
5/5/1995,0.901
5/8/1995,0.898
5/9/1995,0.897
5/10/1995,0.894
5/11/1995,0.896
5/12/1995,0.896
5/15/1995,0.889
5/16/1995,0.89
5/17/1995,0.89
5/18/1995,0.89
5/19/1995,0.891
5/22/1995,0.889
5/23/1995,0.889
5/24/1995,0.889
5/25/1995,0.894
5/26/1995,0.898
5/29/1995,NA
5/30/1995,0.907
5/31/1995,0.908
6/1/1995,0.908
6/2/1995,0.904
6/5/1995,0.903
6/6/1995,0.908
6/7/1995,0.911
6/8/1995,0.911
6/9/1995,0.918
6/12/1995,0.919
6/13/1995,0.917
6/14/1995,0.907
6/15/1995,0.907
6/16/1995,0.909
6/19/1995,0.912
6/20/1995,0.915
6/21/1995,0.919
6/22/1995,0.919
6/23/1995,0.919
6/26/1995,0.918
6/27/1995,0.919
6/28/1995,0.919
6/29/1995,0.919
6/30/1995,0.921
7/3/1995,0.92
7/4/1995,NA
7/5/1995,0.923
7/6/1995,0.925
7/7/1995,0.925
7/10/1995,0.925
7/11/1995,0.9243
7/12/1995,0.9241
7/13/1995,0.926
7/14/1995,0.9255
7/17/1995,0.929
7/18/1995,0.928
7/19/1995,0.929
7/20/1995,0.9281
7/21/1995,0.9333
7/24/1995,0.9332
7/25/1995,0.9354
7/26/1995,0.9352
7/27/1995,0.9358
7/28/1995,0.9363
7/31/1995,0.9353
8/1/1995,0.9355
8/2/1995,0.9353
8/3/1995,0.9351
8/4/1995,0.936
8/7/1995,0.9351
8/8/1995,0.9351
8/9/1995,0.9362
8/10/1995,0.9352
8/11/1995,0.9354
8/14/1995,0.9411
8/15/1995,0.9412
8/16/1995,0.9414
8/17/1995,0.9411
8/18/1995,0.9429
8/21/1995,0.9413
8/22/1995,0.9418
8/23/1995,0.9463
8/24/1995,0.9465
8/25/1995,0.9487
8/28/1995,0.948
8/29/1995,0.9505
8/30/1995,0.9493
8/31/1995,0.95
9/1/1995,0.9496
9/4/1995,NA
9/5/1995,0.9483
9/6/1995,0.9486
9/7/1995,0.9482
9/8/1995,0.951
9/11/1995,0.9513
9/12/1995,0.9512
9/13/1995,0.952
9/14/1995,0.9526
9/15/1995,0.9516
9/18/1995,0.9517
9/19/1995,0.9525
9/20/1995,0.9532
9/21/1995,0.9532
9/22/1995,0.9536
9/25/1995,0.9533
9/26/1995,0.954
9/27/1995,0.9549
9/28/1995,0.9544
9/29/1995,0.9531
10/2/1995,0.9531
10/3/1995,0.9581
10/4/1995,0.9581
10/5/1995,0.9582
10/6/1995,0.9586
10/9/1995,NA
10/10/1995,0.9582
10/11/1995,0.9584
10/12/1995,0.958
10/13/1995,0.9583
10/16/1995,0.9585
10/17/1995,0.9585
10/18/1995,0.9582
10/19/1995,0.9592
10/20/1995,0.9611
10/23/1995,0.9612
10/24/1995,0.9615
10/25/1995,0.9615
10/26/1995,0.9614
10/27/1995,0.9614
10/30/1995,0.9613
10/31/1995,0.962
11/1/1995,0.9625
11/2/1995,0.9625
11/3/1995,0.9621
11/6/1995,0.9618
11/7/1995,0.9614
11/8/1995,0.9614
11/9/1995,0.9612
11/10/1995,NA
11/13/1995,0.9619
11/14/1995,0.963
11/15/1995,0.9625
11/16/1995,0.9627
11/17/1995,0.9617
11/20/1995,0.9625
11/21/1995,0.9642
11/22/1995,0.9647
11/23/1995,NA
11/24/1995,0.9649
11/27/1995,0.9645
11/28/1995,0.9642
11/29/1995,0.9642
11/30/1995,0.9661
12/1/1995,0.9661
12/4/1995,0.9665
12/5/1995,0.9662
12/6/1995,0.9665
12/7/1995,0.9665
12/8/1995,0.9663
12/11/1995,0.9665
12/12/1995,0.9663
12/13/1995,0.9668
12/14/1995,0.9669
12/15/1995,0.9673
12/18/1995,0.9676
12/19/1995,0.968
12/20/1995,NA
12/21/1995,0.9699
12/22/1995,0.971
12/25/1995,NA
12/26/1995,0.9698
12/27/1995,0.9706
12/28/1995,NA
12/29/1995,NA
1/1/1996,NA
1/2/1996,0.9723
1/3/1996,0.973
1/4/1996,0.9722
1/5/1996,0.9721
1/8/1996,0.9721
1/9/1996,0.9712
1/10/1996,0.9722
1/11/1996,0.9729
1/12/1996,0.973
1/15/1996,NA
1/16/1996,0.98
1/17/1996,0.9722
1/18/1996,0.9723
1/19/1996,0.9726
1/22/1996,0.9742
1/23/1996,0.9763
1/24/1996,0.9767
1/25/1996,0.977
1/26/1996,0.9782
1/29/1996,0.978
1/30/1996,0.9783
1/31/1996,0.9782
2/1/1996,0.978
2/2/1996,0.9783
2/5/1996,0.9783
2/6/1996,0.9781
2/7/1996,0.9782
2/8/1996,0.9783
2/9/1996,0.9783
2/12/1996,0.9784
2/13/1996,0.9801
2/14/1996,0.9807
2/15/1996,0.9842
2/16/1996,0.981
2/19/1996,NA
2/20/1996,0.9845
2/21/1996,0.984
2/22/1996,0.982
2/23/1996,0.9818
2/26/1996,0.9831
2/27/1996,0.9838
2/28/1996,0.9831
2/29/1996,0.985
3/1/1996,0.9845
3/4/1996,0.9833
3/5/1996,0.9834
3/6/1996,NA
3/7/1996,0.9843
3/8/1996,0.9838
3/11/1996,0.9838
3/12/1996,0.9841
3/13/1996,0.9865
3/14/1996,0.9872
3/15/1996,0.9874
3/18/1996,0.9861
3/19/1996,0.9863
3/20/1996,0.9898
3/21/1996,0.9868
3/22/1996,0.9873
3/25/1996,0.9878
3/26/1996,0.988
3/27/1996,0.9881
3/28/1996,0.987
3/29/1996,0.988
4/1/1996,0.9873
4/2/1996,0.9872
4/3/1996,0.9869
4/4/1996,0.9872
4/5/1996,0.987
4/8/1996,0.9871
4/9/1996,0.9891
4/10/1996,0.9893
4/11/1996,0.9915
4/12/1996,0.9902
4/15/1996,0.9898
4/16/1996,0.9895
4/17/1996,0.9892
4/18/1996,0.989
4/19/1996,0.9911
4/22/1996,0.9913
4/23/1996,0.9911
4/24/1996,0.9915
4/25/1996,0.9913
4/26/1996,0.9939
4/29/1996,0.9922
4/30/1996,0.9925
5/1/1996,0.9922
5/2/1996,0.9921
5/3/1996,0.9922
5/6/1996,0.9923
5/7/1996,0.9935
5/8/1996,0.9924
5/9/1996,0.9933
5/10/1996,0.9943
5/13/1996,0.9945
5/14/1996,0.997
5/15/1996,0.9952
5/16/1996,0.9968
5/17/1996,0.9955
5/20/1996,0.9965
5/21/1996,0.9955
5/22/1996,0.9956
5/23/1996,0.9963
5/24/1996,0.9964
5/27/1996,NA
5/28/1996,0.997
5/29/1996,0.9965
5/30/1996,0.9975
5/31/1996,0.9981
6/3/1996,0.9982
6/4/1996,0.9982
6/5/1996,0.9982
6/6/1996,0.9982
6/7/1996,0.9991
6/10/1996,0.9995
6/11/1996,0.9994
6/12/1996,1.0012
6/13/1996,1.0001
6/14/1996,1.0011
6/17/1996,1.0015
6/18/1996,1.0015
6/19/1996,1.0025
6/20/1996,1.0029
6/21/1996,1.003
6/24/1996,1.003
6/25/1996,1.003
6/26/1996,1.005
6/27/1996,1.005
6/28/1996,1.006
7/1/1996,1.005
7/2/1996,1.0055
7/3/1996,1.0051
7/4/1996,NA
7/5/1996,1.0045
7/8/1996,1.005
7/9/1996,1.006
7/10/1996,1.0054
7/11/1996,1.006
7/12/1996,1.0055
7/15/1996,1.0075
7/16/1996,1.0063
7/17/1996,1.007
7/18/1996,1.0075
7/19/1996,1.0076
7/22/1996,1.0074
7/23/1996,1.0075
7/24/1996,1.009
7/25/1996,1.009
7/26/1996,1.0032
7/29/1996,1.0103
7/30/1996,1.0108
7/31/1996,1.0107
8/1/1996,1.0103
8/2/1996,1.0098
8/5/1996,1.0092
8/6/1996,1.0102
8/7/1996,1.0114
8/8/1996,1.035
8/9/1996,1.012
8/12/1996,1.012
8/13/1996,1.0148
8/14/1996,1.0124
8/15/1996,1.0127
8/16/1996,1.015
8/19/1996,1.0133
8/20/1996,1.0144
8/21/1996,1.0145
8/22/1996,1.0145
8/23/1996,1.0149
8/26/1996,1.0205
8/27/1996,1.017
8/28/1996,1.0161
8/29/1996,1.0167
8/30/1996,1.0165
9/2/1996,NA
9/3/1996,1.0165
9/4/1996,1.0175
9/5/1996,1.0185
9/6/1996,1.0178
9/9/1996,1.0192
9/10/1996,1.0208
9/11/1996,1.0184
9/12/1996,1.0195
9/13/1996,1.0195
9/16/1996,1.019
9/17/1996,1.0191
9/18/1996,1.0194
9/19/1996,1.0193
9/20/1996,1.0202
9/23/1996,1.0199
9/24/1996,1.0199
9/25/1996,1.022
9/26/1996,1.0203
9/27/1996,1.0206
9/30/1996,1.0211
10/1/1996,1.0215
10/2/1996,1.022
10/3/1996,1.0214
10/4/1996,1.0219
10/7/1996,1.028
10/8/1996,1.023
10/9/1996,1.0237
10/10/1996,1.0235
10/11/1996,1.0265
10/14/1996,NA
10/15/1996,1.027
10/16/1996,1.025
10/17/1996,1.0246
10/18/1996,1.0248
10/21/1996,1.0258
10/22/1996,1.0267
10/23/1996,1.0269
10/24/1996,1.0261
10/25/1996,1.0273
10/28/1996,1.0284
10/29/1996,1.0283
10/30/1996,1.0278
10/31/1996,1.0275
11/1/1996,1.0278
11/4/1996,1.0277
11/5/1996,1.028
11/6/1996,1.0278
11/7/1996,1.03
11/8/1996,1.0302
11/11/1996,NA
11/12/1996,1.0318
11/13/1996,1.0315
11/14/1996,1.0308
11/15/1996,1.0299
11/18/1996,1.0301
11/19/1996,1.0299
11/20/1996,1.0308
11/21/1996,1.0309
11/22/1996,1.0307
11/25/1996,1.0307
11/26/1996,1.033
11/27/1996,1.0324
11/28/1996,NA
11/29/1996,1.0331
12/2/1996,1.0308
12/3/1996,1.0328
12/4/1996,1.0336
12/5/1996,1.0349
12/6/1996,1.0347
12/9/1996,1.0347
12/10/1996,1.0362
12/11/1996,1.0373
12/12/1996,1.0367
12/13/1996,1.039
12/16/1996,1.0395
12/17/1996,1.0413
12/18/1996,1.0379
12/19/1996,1.0383
12/20/1996,1.0382
12/23/1996,1.0385
12/24/1996,1.0395
12/25/1996,NA
12/26/1996,1.0387
12/27/1996,1.0397
12/30/1996,1.039
12/31/1996,1.0393
1/1/1997,NA
1/2/1997,1.0394
1/3/1997,1.0395
1/6/1997,1.0405
1/7/1997,1.0402
1/8/1997,1.0403
1/9/1997,1.0409
1/10/1997,1.0409
1/13/1997,1.0417
1/14/1997,1.0418
1/15/1997,1.0427
1/16/1997,1.0435
1/17/1997,1.0435
1/20/1997,NA
1/21/1997,1.0431
1/22/1997,1.0432
1/23/1997,1.0438
1/24/1997,1.0438
1/27/1997,1.0438
1/28/1997,1.0447
1/29/1997,1.0451
1/30/1997,1.0455
1/31/1997,1.0457
2/3/1997,1.045
2/4/1997,1.0462
2/5/1997,1.047
2/6/1997,1.047
2/7/1997,1.0475
2/10/1997,1.0473
2/11/1997,1.0473
2/12/1997,1.0471
2/13/1997,1.0487
2/14/1997,1.0492
2/17/1997,NA
2/18/1997,1.0492
2/19/1997,1.0503
2/20/1997,1.0502
2/21/1997,1.0504
2/24/1997,1.0503
2/25/1997,1.0507
2/26/1997,1.0513
2/27/1997,1.0511
2/28/1997,1.0512
3/3/1997,1.0511
3/4/1997,1.0515
3/5/1997,1.0525
3/6/1997,1.0527
3/7/1997,1.0527
3/10/1997,1.0528
3/11/1997,1.0536
3/12/1997,1.0542
3/13/1997,1.0553
3/14/1997,1.0549
3/17/1997,1.0593
3/18/1997,1.0606
3/19/1997,1.0608
3/20/1997,1.061
3/21/1997,1.0614
3/24/1997,1.0616
3/25/1997,1.0613
3/26/1997,1.0612
3/27/1997,1.0591
3/28/1997,1.06
3/31/1997,1.0595
4/1/1997,1.0591
4/2/1997,1.0596
4/3/1997,1.0577
4/4/1997,1.06
4/7/1997,1.0582
4/8/1997,1.0583
4/9/1997,1.0584
4/10/1997,1.0586
4/11/1997,1.0591
4/14/1997,1.0599
4/15/1997,1.0601
4/16/1997,1.0611
4/17/1997,1.0611
4/18/1997,1.0619
4/21/1997,1.062
4/22/1997,1.0628
4/23/1997,1.063
4/24/1997,1.0626
4/25/1997,1.0695
4/28/1997,1.0627
4/29/1997,1.0629
4/30/1997,1.0635
5/1/1997,1.0638
5/2/1997,1.0643
5/5/1997,1.0644
5/6/1997,1.0647
5/7/1997,1.0649
5/8/1997,1.0649
5/9/1997,1.0661
5/12/1997,1.0676
5/13/1997,1.0674
5/14/1997,1.0673
5/15/1997,1.0673
5/16/1997,1.0671
5/19/1997,1.0674
5/20/1997,1.0684
5/21/1997,1.0693
5/22/1997,1.0702
5/23/1997,1.0713
5/26/1997,NA
5/27/1997,1.0728
5/28/1997,1.0736
5/29/1997,1.0743
5/30/1997,1.0709
6/2/1997,1.071
6/3/1997,1.0717
6/4/1997,1.0734
6/5/1997,1.0727
6/6/1997,1.0723
6/9/1997,1.0726
6/10/1997,1.0726
6/11/1997,1.0731
6/12/1997,1.0737
6/13/1997,1.0743
6/16/1997,1.0734
6/17/1997,1.0755
6/18/1997,1.0748
6/19/1997,1.0756
6/20/1997,1.0795
6/23/1997,1.0771
6/24/1997,1.0767
6/25/1997,1.0767
6/26/1997,1.0765
6/27/1997,1.077
6/30/1997,1.0767
7/1/1997,1.0766
7/2/1997,1.0767
7/3/1997,1.0778
7/4/1997,NA
7/7/1997,1.0779
7/8/1997,1.079
7/9/1997,1.0796
7/10/1997,1.0794
7/11/1997,1.08
7/14/1997,1.0801
7/15/1997,1.0807
7/16/1997,1.0804
7/17/1997,1.081
7/18/1997,1.0811
7/21/1997,1.0811
7/22/1997,1.0812
7/23/1997,1.0821
7/24/1997,1.0819
7/25/1997,1.082
7/28/1997,1.0823
7/29/1997,1.0837
7/30/1997,1.0829
7/31/1997,1.083
8/1/1997,1.083
8/4/1997,1.0832
8/5/1997,1.0842
8/6/1997,1.0848
8/7/1997,1.0853
8/8/1997,1.0855
8/11/1997,1.0857
8/12/1997,1.0857
8/13/1997,1.0859
8/14/1997,1.0863
8/15/1997,1.0885
8/18/1997,1.0885
8/19/1997,1.089
8/20/1997,1.0887
8/21/1997,1.0888
8/22/1997,1.0925
8/25/1997,1.0923
8/26/1997,1.0925
8/27/1997,1.0912
8/28/1997,1.092
8/29/1997,1.0915
9/1/1997,NA
9/2/1997,1.092
9/3/1997,1.0918
9/4/1997,1.093
9/5/1997,1.0918
9/8/1997,1.0912
9/9/1997,1.091
9/10/1997,1.0917
9/11/1997,1.0919
9/12/1997,1.0923
9/15/1997,1.0925
9/16/1997,1.094
9/17/1997,1.094
9/18/1997,1.0945
9/19/1997,1.094
9/22/1997,1.095
9/23/1997,1.0952
9/24/1997,1.0955
9/25/1997,1.0951
9/26/1997,1.096
9/29/1997,1.0962
9/30/1997,1.0958
10/1/1997,1.0969
10/2/1997,1.097
10/3/1997,1.0968
10/6/1997,1.0975
10/7/1997,1.0978
10/8/1997,1.0978
10/9/1997,1.098
10/10/1997,1.0985
10/13/1997,NA
10/14/1997,1.0982
10/15/1997,1.0993
10/16/1997,1.0993
10/17/1997,1.1
10/20/1997,1.0999
10/21/1997,1.0999
10/22/1997,1.1007
10/23/1997,1.1005
10/24/1997,1.1025
10/27/1997,1.1035
10/28/1997,1.1032
10/29/1997,1.1022
10/30/1997,1.1055
10/31/1997,1.1027
11/3/1997,1.1028
11/4/1997,1.1037
11/5/1997,1.104
11/6/1997,1.1077
11/7/1997,1.1075
11/10/1997,1.1055
11/11/1997,NA
11/12/1997,1.106
11/13/1997,1.108
11/14/1997,1.1083
11/17/1997,1.1056
11/18/1997,1.1067
11/19/1997,1.1077
11/20/1997,1.108
11/21/1997,1.11
11/24/1997,1.109
11/25/1997,1.1107
11/26/1997,1.1099
11/27/1997,NA
11/28/1997,1.1093
12/1/1997,1.11
12/2/1997,1.111
12/3/1997,1.1101
12/4/1997,1.1105
12/5/1997,1.111
12/8/1997,1.1117
12/9/1997,1.112
12/10/1997,1.1135
12/11/1997,1.1145
12/12/1997,1.1166
12/15/1997,1.113
12/16/1997,1.113
12/17/1997,1.1147
12/18/1997,1.1145
12/19/1997,1.1145
12/22/1997,1.115
12/23/1997,1.115
12/24/1997,1.1148
12/25/1997,NA
12/26/1997,1.1157
12/29/1997,1.1157
12/30/1997,1.1165
12/31/1997,1.1165
1/1/1998,NA
1/2/1998,1.1164
1/5/1998,1.116
1/6/1998,1.116
1/7/1998,1.1175
1/8/1998,1.118
1/9/1998,1.1173
1/12/1998,1.1193
1/13/1998,1.1183
1/14/1998,1.1185
1/15/1998,1.1215
1/16/1998,1.1205
1/19/1998,NA
1/20/1998,1.121
1/21/1998,1.121
1/22/1998,1.121
1/23/1998,1.1215
1/26/1998,1.1215
1/27/1998,1.1225
1/28/1998,1.123
1/29/1998,1.123
1/30/1998,1.1235
2/2/1998,1.1235
2/3/1998,1.1245
2/4/1998,1.1242
2/5/1998,1.1245
2/6/1998,1.1255
2/9/1998,1.1255
2/10/1998,1.1262
2/11/1998,1.1265
2/12/1998,1.1262
2/13/1998,1.1277
2/16/1998,NA
2/17/1998,1.1285
2/18/1998,1.1288
2/19/1998,1.1295
2/20/1998,1.1295
2/23/1998,1.1295
2/24/1998,1.1295
2/25/1998,1.1295
2/26/1998,1.1293
2/27/1998,1.1303
3/2/1998,1.1305
3/3/1998,1.1308
3/4/1998,1.1305
3/5/1998,1.1312
3/6/1998,1.131
3/9/1998,1.1325
3/10/1998,1.1325
3/11/1998,1.132
3/12/1998,1.1318
3/13/1998,1.133
3/16/1998,1.1333
3/17/1998,1.1333
3/18/1998,1.1342
3/19/1998,1.1343
3/20/1998,1.1344
3/23/1998,1.1345
3/24/1998,1.135
3/25/1998,1.1358
3/26/1998,1.136
3/27/1998,1.1362
3/30/1998,1.1357
3/31/1998,1.137
4/1/1998,1.1373
4/2/1998,1.1371
4/3/1998,1.1381
4/6/1998,1.139
4/7/1998,1.1385
4/8/1998,1.1392
4/9/1998,1.1393
4/10/1998,1.1393
4/13/1998,1.1392
4/14/1998,1.1402
4/15/1998,1.1404
4/16/1998,1.1409
4/17/1998,1.1412
4/20/1998,1.1418
4/21/1998,1.1415
4/22/1998,1.1424
4/23/1998,1.1427
4/24/1998,1.1435
4/27/1998,1.1445
4/28/1998,1.1454
4/29/1998,1.1448
4/30/1998,1.1438
5/1/1998,1.1437
5/4/1998,1.1441
5/5/1998,1.1447
5/6/1998,1.1448
5/7/1998,1.1448
5/8/1998,1.145
5/11/1998,1.1458
5/12/1998,1.1459
5/13/1998,1.1475
5/14/1998,1.1468
5/15/1998,1.1468
5/18/1998,1.1474
5/19/1998,1.1479
5/20/1998,1.149
5/21/1998,1.15
5/22/1998,1.1515
5/25/1998,NA
5/26/1998,1.153
5/27/1998,1.1513
5/28/1998,1.1497
5/29/1998,1.1502
6/1/1998,1.1523
6/2/1998,1.1516
6/3/1998,1.1517
6/4/1998,1.1514
6/5/1998,1.1525
6/8/1998,1.1528
6/9/1998,1.1536
6/10/1998,1.155
6/11/1998,1.1536
6/12/1998,1.1551
6/15/1998,1.1544
6/16/1998,1.1545
6/17/1998,1.155
6/18/1998,1.1556
6/19/1998,1.1555
6/22/1998,1.1552
6/23/1998,1.1547
6/24/1998,1.1557
6/25/1998,1.1557
6/26/1998,1.1567
6/29/1998,1.1563
6/30/1998,1.1565
7/1/1998,1.1568
7/2/1998,1.1568
7/3/1998,1.1568
7/6/1998,1.1581
7/7/1998,1.1585
7/8/1998,1.161
7/9/1998,1.1617
7/10/1998,1.16
7/13/1998,1.1628
7/14/1998,1.1628
7/15/1998,1.1613
7/16/1998,1.1623
7/17/1998,1.1612
7/20/1998,1.1602
7/21/1998,1.1606
7/22/1998,1.1635
7/23/1998,1.1648
7/24/1998,1.1654
7/27/1998,1.166
7/28/1998,1.1632
7/29/1998,1.1626
7/30/1998,1.162
7/31/1998,1.1632
8/3/1998,1.1651
8/4/1998,1.1662
8/5/1998,1.1663
8/6/1998,1.1673
8/7/1998,1.168
8/10/1998,1.1695
8/11/1998,1.1687
8/12/1998,1.1707
8/13/1998,1.1715
8/14/1998,1.1717
8/17/1998,1.173
8/18/1998,1.174
8/19/1998,1.174
8/20/1998,1.1737
8/21/1998,1.175
8/24/1998,1.1747
8/25/1998,1.1728
8/26/1998,1.173
8/27/1998,1.1765
8/28/1998,1.1763
8/31/1998,1.177
9/1/1998,1.177
9/2/1998,1.177
9/3/1998,1.1783
9/4/1998,1.178
9/7/1998,NA
9/8/1998,1.1767
9/9/1998,1.1762
9/10/1998,1.179
9/11/1998,1.179
9/14/1998,1.1799
9/15/1998,1.1793
9/16/1998,1.18
9/17/1998,1.1788
9/18/1998,1.181
9/21/1998,1.1815
9/22/1998,1.1836
9/23/1998,1.1835
9/24/1998,1.1835
9/25/1998,1.1844
9/28/1998,1.1845
9/29/1998,1.1847
9/30/1998,1.1855
10/1/1998,1.184
10/2/1998,1.1838
10/5/1998,1.1858
10/6/1998,1.1852
10/7/1998,1.187
10/8/1998,1.1847
10/9/1998,1.1868
10/12/1998,NA
10/13/1998,1.1875
10/14/1998,1.1885
10/15/1998,1.1883
10/16/1998,1.1885
10/19/1998,1.19
10/20/1998,1.1889
10/21/1998,1.19
10/22/1998,1.1901
10/23/1998,1.191
10/26/1998,1.191
10/27/1998,1.2
10/28/1998,1.192
10/29/1998,1.1918
10/30/1998,1.1919
11/2/1998,1.193
11/3/1998,1.192
11/4/1998,1.19
11/5/1998,1.189
11/6/1998,1.1881
11/9/1998,1.1897
11/10/1998,1.1905
11/11/1998,NA
11/12/1998,1.191
11/13/1998,1.1915
11/16/1998,1.1904
11/17/1998,1.1906
11/18/1998,1.1915
11/19/1998,1.1925
11/20/1998,1.195
11/23/1998,1.1973
11/24/1998,1.1985
11/25/1998,1.198
11/26/1998,NA
11/27/1998,1.2005
11/30/1998,1.201
12/1/1998,1.2016
12/2/1998,1.202
12/3/1998,1.2024
12/4/1998,1.2022
12/7/1998,1.203
12/8/1998,1.2028
12/9/1998,1.2033
12/10/1998,1.203
12/11/1998,1.2043
12/14/1998,1.205
12/15/1998,1.205
12/16/1998,1.205
12/17/1998,1.2053
12/18/1998,1.2065
12/21/1998,1.209
12/22/1998,1.2072
12/23/1998,1.2075
12/24/1998,1.2075
12/25/1998,NA
12/28/1998,1.208
12/29/1998,1.208
12/30/1998,1.2082
12/31/1998,1.2085
1/1/1999,NA
1/4/1999,1.2074
1/5/1999,1.2075
1/6/1999,1.211
1/7/1999,1.21
1/8/1999,1.2095
1/11/1999,1.2099
1/12/1999,1.2108
1/13/1999,1.321
1/14/1999,1.32
1/15/1999,1.48
1/18/1999,NA
1/19/1999,1.6
1/20/1999,1.58
1/21/1999,1.71
1/22/1999,1.7
1/25/1999,1.79
1/26/1999,1.86
1/27/1999,1.89
1/28/1999,1.94
1/29/1999,2.07
2/1/1999,1.97
2/2/1999,1.81
2/3/1999,1.8
2/4/1999,1.825
2/5/1999,1.85
2/8/1999,1.89
2/9/1999,1.91
2/10/1999,1.91
2/11/1999,1.9
2/12/1999,1.9
2/15/1999,NA
2/16/1999,1.91
2/17/1999,1.93
2/18/1999,1.91
2/19/1999,1.94
2/22/1999,1.96
2/23/1999,2.04
2/24/1999,2.01
2/25/1999,2.04
2/26/1999,2.09
3/1/1999,2.05
3/2/1999,2.17
3/3/1999,2.2
3/4/1999,2.11
3/5/1999,2
3/8/1999,1.975
3/9/1999,1.92
3/10/1999,1.87
3/11/1999,1.895
3/12/1999,1.91
3/15/1999,1.88
3/16/1999,1.86
3/17/1999,1.89
3/18/1999,1.87
3/19/1999,1.855
3/22/1999,1.87
3/23/1999,1.855
3/24/1999,1.845
3/25/1999,1.805
3/26/1999,1.77
3/29/1999,1.775
3/30/1999,1.735
3/31/1999,1.72
4/1/1999,1.73
4/2/1999,1.735
4/5/1999,1.73
4/6/1999,1.73
4/7/1999,1.735
4/8/1999,1.725
4/9/1999,1.71
4/12/1999,1.71
4/13/1999,1.665
4/14/1999,1.67
4/15/1999,1.67
4/16/1999,1.675
4/19/1999,1.675
4/20/1999,1.725
4/21/1999,1.74
4/22/1999,1.702
4/23/1999,1.69
4/26/1999,1.702
4/27/1999,1.7071
4/28/1999,1.695
4/29/1999,1.671
4/30/1999,1.6625
5/3/1999,1.668
5/4/1999,1.678
5/5/1999,1.686
5/6/1999,1.674
5/7/1999,1.672
5/10/1999,1.653
5/11/1999,1.649
5/12/1999,1.66
5/13/1999,1.655
5/14/1999,1.658
5/17/1999,1.672
5/18/1999,1.67
5/19/1999,1.67
5/20/1999,1.6975
5/21/1999,1.705
5/24/1999,1.703
5/25/1999,1.753
5/26/1999,1.728
5/27/1999,1.72
5/28/1999,1.734
5/31/1999,NA
6/1/1999,1.741
6/2/1999,1.7555
6/3/1999,1.755
6/4/1999,1.735
6/7/1999,1.7425
6/8/1999,1.75
6/9/1999,1.75
6/10/1999,1.764
6/11/1999,1.774
6/14/1999,1.78
6/15/1999,1.791
6/16/1999,1.7675
6/17/1999,1.7585
6/18/1999,1.75
6/21/1999,1.7675
6/22/1999,1.77
6/23/1999,1.783
6/24/1999,1.811
6/25/1999,1.798
6/28/1999,1.789
6/29/1999,1.77
6/30/1999,1.77
7/1/1999,1.763
7/2/1999,1.77
7/5/1999,NA
7/6/1999,1.7755
7/7/1999,1.78
7/8/1999,1.7925
7/9/1999,1.805
7/12/1999,1.82
7/13/1999,1.835
7/14/1999,1.807
7/15/1999,1.827
7/16/1999,1.81
7/19/1999,1.795
7/20/1999,1.8
7/21/1999,1.812
7/22/1999,1.8275
7/23/1999,1.819
7/26/1999,1.819
7/27/1999,1.817
7/28/1999,1.7875
7/29/1999,1.796
7/30/1999,1.79
8/2/1999,1.814
8/3/1999,1.83
8/4/1999,1.821
8/5/1999,1.85
8/6/1999,1.85
8/9/1999,1.846
8/10/1999,1.8825
8/11/1999,1.871
8/12/1999,1.853
8/13/1999,1.872
8/16/1999,1.885
8/17/1999,1.887
8/18/1999,1.892
8/19/1999,1.92
8/20/1999,1.9925
8/23/1999,1.862
8/24/1999,1.9025
8/25/1999,1.936
8/26/1999,1.91
8/27/1999,1.94
8/30/1999,1.948
8/31/1999,1.925
9/1/1999,1.917
9/2/1999,1.924
9/3/1999,1.903
9/6/1999,NA
9/7/1999,1.905
9/8/1999,1.897
9/9/1999,1.873
9/10/1999,1.857
9/13/1999,1.885
9/14/1999,1.8975
9/15/1999,1.88
9/16/1999,1.8825
9/17/1999,1.89
9/20/1999,1.874
9/21/1999,1.88
9/22/1999,1.896
9/23/1999,1.891
9/24/1999,1.9175
9/27/1999,1.923
9/28/1999,1.937
9/29/1999,1.922
9/30/1999,1.921
10/1/1999,1.923
10/4/1999,1.941
10/5/1999,1.95
10/6/1999,1.964
10/7/1999,1.933
10/8/1999,1.95
10/11/1999,NA
10/12/1999,1.95
10/13/1999,1.961
10/14/1999,1.964
10/15/1999,1.988
10/18/1999,1.988
10/19/1999,1.99
10/20/1999,2.007
10/21/1999,1.994
10/22/1999,1.98
10/25/1999,1.979
10/26/1999,1.984
10/27/1999,1.997
10/28/1999,1.98
10/29/1999,1.953
11/1/1999,1.944
11/2/1999,1.943
11/3/1999,1.943
11/4/1999,1.915
11/5/1999,1.917
11/8/1999,1.929
11/9/1999,1.93
11/10/1999,1.937
11/11/1999,NA
11/12/1999,1.936
11/15/1999,1.935
11/16/1999,1.933
11/17/1999,1.934
11/18/1999,1.93
11/19/1999,1.934
11/22/1999,1.933
11/23/1999,1.933
11/24/1999,1.931
11/25/1999,NA
11/26/1999,1.926
11/29/1999,1.921
11/30/1999,1.923
12/1/1999,1.92
12/2/1999,1.894
12/3/1999,1.878
12/6/1999,1.868
12/7/1999,1.86
12/8/1999,1.864
12/9/1999,1.866
12/10/1999,1.866
12/13/1999,1.856
12/14/1999,1.847
12/15/1999,1.852
12/16/1999,1.843
12/17/1999,1.8
12/20/1999,1.812
12/21/1999,1.827
12/22/1999,1.821
12/23/1999,1.831
12/24/1999,1.832
12/27/1999,1.833
12/28/1999,1.832
12/29/1999,1.814
12/30/1999,1.792
12/31/1999,1.809
1/3/2000,1.805
1/4/2000,1.8405
1/5/2000,1.856
1/6/2000,1.84
1/7/2000,1.831
1/10/2000,1.819
1/11/2000,1.8225
1/12/2000,1.835
1/13/2000,1.814
1/14/2000,1.805
1/17/2000,NA
1/18/2000,1.7942
1/19/2000,1.793
1/20/2000,1.7785
1/21/2000,1.78
1/24/2000,1.768
1/25/2000,1.78
1/26/2000,1.781
1/27/2000,1.78
1/28/2000,1.79
1/31/2000,1.802
2/1/2000,1.795
2/2/2000,1.785
2/3/2000,1.775
2/4/2000,1.773
2/7/2000,1.77
2/8/2000,1.765
2/9/2000,1.77
2/10/2000,1.77
2/11/2000,1.767
2/14/2000,1.769
2/15/2000,1.783
2/16/2000,1.775
2/17/2000,1.777
2/18/2000,1.777
2/21/2000,NA
2/22/2000,1.785
2/23/2000,1.79
2/24/2000,1.782
2/25/2000,1.774
2/28/2000,1.779
2/29/2000,1.769
3/1/2000,1.769
3/2/2000,1.759
3/3/2000,1.744
3/6/2000,1.747
3/7/2000,1.747
3/8/2000,1.754
3/9/2000,1.735
3/10/2000,1.738
3/13/2000,1.749
3/14/2000,1.738
3/15/2000,1.7402
3/16/2000,1.736
3/17/2000,1.737
3/20/2000,1.74
3/21/2000,1.7395
3/22/2000,1.729
3/23/2000,1.723
3/24/2000,1.73
3/27/2000,1.736
3/28/2000,1.749
3/29/2000,1.74
3/30/2000,1.753
3/31/2000,1.742
4/3/2000,1.742
4/4/2000,1.745
4/5/2000,1.755
4/6/2000,1.745
4/7/2000,1.746
4/10/2000,1.738
4/11/2000,1.7475
4/12/2000,1.748
4/13/2000,1.764
4/14/2000,1.786
4/17/2000,1.789
4/18/2000,1.766
4/19/2000,1.766
4/20/2000,1.781
4/21/2000,1.779
4/24/2000,1.79
4/25/2000,1.79
4/26/2000,1.799
4/27/2000,1.811
4/28/2000,1.805
5/1/2000,1.807
5/2/2000,1.8
5/3/2000,1.816
5/4/2000,1.814
5/5/2000,1.8125
5/8/2000,1.805
5/9/2000,1.8075
5/10/2000,1.818
5/11/2000,1.82
5/12/2000,1.83
5/15/2000,1.845
5/16/2000,1.823
5/17/2000,1.833
5/18/2000,1.831
5/19/2000,1.843
5/22/2000,1.854
5/23/2000,1.852
5/24/2000,1.853
5/25/2000,1.846
5/26/2000,1.841
5/29/2000,NA
5/30/2000,1.8325
5/31/2000,1.827
6/1/2000,1.821
6/2/2000,1.807
6/5/2000,1.794
6/6/2000,1.793
6/7/2000,1.804
6/8/2000,1.799
6/9/2000,1.8025
6/12/2000,1.805
6/13/2000,1.812
6/14/2000,1.8125
6/15/2000,1.812
6/16/2000,1.808
6/19/2000,1.805
6/20/2000,1.8
6/21/2000,1.815
6/22/2000,1.813
6/23/2000,1.822
6/26/2000,1.828
6/27/2000,1.823
6/28/2000,1.82
6/29/2000,1.817
6/30/2000,1.804
7/3/2000,1.809
7/4/2000,NA
7/5/2000,1.805
7/6/2000,1.798
7/7/2000,1.799
7/10/2000,1.8
7/11/2000,1.799
7/12/2000,1.805
7/13/2000,1.809
7/14/2000,1.812
7/17/2000,1.8
7/18/2000,1.798
7/19/2000,1.807
7/20/2000,1.8015
7/21/2000,1.794
7/24/2000,1.797
7/25/2000,1.79
7/26/2000,1.793
7/27/2000,1.7845
7/28/2000,1.786
7/31/2000,1.776
8/1/2000,1.786
8/2/2000,1.792
8/3/2000,1.802
8/4/2000,1.793
8/7/2000,1.796
8/8/2000,1.8
8/9/2000,1.7965
8/10/2000,1.798
8/11/2000,1.796
8/14/2000,1.804
8/15/2000,1.805
8/16/2000,1.808
8/17/2000,1.809
8/18/2000,1.817
8/21/2000,1.821
8/22/2000,1.818
8/23/2000,1.818
8/24/2000,1.822
8/25/2000,1.823
8/28/2000,1.829
8/29/2000,1.832
8/30/2000,1.8241
8/31/2000,1.82
9/1/2000,1.824
9/4/2000,NA
9/5/2000,1.8278
9/6/2000,1.821
9/7/2000,1.8221
9/8/2000,1.822
9/11/2000,1.8187
9/12/2000,1.827
9/13/2000,1.835
9/14/2000,1.833
9/15/2000,1.8445
9/18/2000,1.859
9/19/2000,1.855
9/20/2000,1.857
9/21/2000,1.854
9/22/2000,1.8575
9/25/2000,1.844
9/26/2000,1.8517
9/27/2000,1.849
9/28/2000,1.8482
9/29/2000,1.844
10/2/2000,1.847
10/3/2000,1.848
10/4/2000,1.852
10/5/2000,1.852
10/6/2000,1.855
10/9/2000,NA
10/10/2000,1.855
10/11/2000,1.86
10/12/2000,1.862
10/13/2000,1.877
10/16/2000,1.871
10/17/2000,1.8735
10/18/2000,1.876
10/19/2000,1.875
10/20/2000,1.882
10/23/2000,1.893
10/24/2000,1.901
10/25/2000,1.925
10/26/2000,1.946
10/27/2000,1.931
10/30/2000,1.9185
10/31/2000,1.908
11/1/2000,1.909
11/2/2000,1.919
11/3/2000,1.937
11/6/2000,1.941
11/7/2000,1.9545
11/8/2000,1.955
11/9/2000,1.963
11/10/2000,1.951
11/13/2000,1.959
11/14/2000,1.945
11/15/2000,1.949
11/16/2000,1.9475
11/17/2000,1.968
11/20/2000,1.929
11/21/2000,1.926
11/22/2000,1.929
11/23/2000,NA
11/24/2000,1.959
11/27/2000,1.9625
11/28/2000,1.98
11/29/2000,1.958
11/30/2000,1.9722
12/1/2000,1.981
12/4/2000,1.984
12/5/2000,1.96
12/6/2000,1.967
12/7/2000,1.974
12/8/2000,1.969
12/11/2000,1.962
12/12/2000,1.968
12/13/2000,1.965
12/14/2000,1.965
12/15/2000,1.965
12/18/2000,1.953
12/19/2000,1.955
12/20/2000,1.958
12/21/2000,1.953
12/22/2000,1.958
12/25/2000,NA
12/26/2000,1.961
12/27/2000,1.96
12/28/2000,1.955
12/29/2000,1.951
1/1/2001,NA
1/2/2001,1.938
1/3/2001,1.946
1/4/2001,1.938
1/5/2001,1.953
1/8/2001,1.954
1/9/2001,1.941
1/10/2001,1.941
1/11/2001,1.949
1/12/2001,1.949
1/15/2001,NA
1/16/2001,1.954
1/17/2001,1.954
1/18/2001,1.953
1/19/2001,1.96
1/22/2001,1.958
1/23/2001,1.959
1/24/2001,1.962
1/25/2001,1.974
1/26/2001,1.977
1/29/2001,1.977
1/30/2001,1.9695
1/31/2001,1.972
2/1/2001,1.9825
2/2/2001,1.994
2/5/2001,1.996
2/6/2001,1.997
2/7/2001,2.006
2/8/2001,1.992
2/9/2001,1.986
2/12/2001,1.983
2/13/2001,1.982
2/14/2001,1.989
2/15/2001,1.984
2/16/2001,1.993
2/19/2001,NA
2/20/2001,2.009
2/21/2001,2.019
2/22/2001,2.044
2/23/2001,2.047
2/26/2001,2.03
2/27/2001,2.034
2/28/2001,2.0465
3/1/2001,2.043
3/2/2001,2.032
3/5/2001,2.025
3/6/2001,2.022
3/7/2001,2.047
3/8/2001,2.043
3/9/2001,2.057
3/12/2001,2.065
3/13/2001,2.062
3/14/2001,2.075
3/15/2001,2.1025
3/16/2001,2.129
3/19/2001,2.171
3/20/2001,2.1
3/21/2001,2.107
3/22/2001,2.146
3/23/2001,2.172
3/26/2001,2.136
3/27/2001,2.124
3/28/2001,2.125
3/29/2001,2.143
3/30/2001,2.175
4/2/2001,2.158
4/3/2001,2.173
4/4/2001,2.165
4/5/2001,2.168
4/6/2001,2.151
4/9/2001,2.167
4/10/2001,2.146
4/11/2001,2.156
4/12/2001,2.1622
4/13/2001,2.156
4/16/2001,2.183
4/17/2001,2.193
4/18/2001,2.17
4/19/2001,2.195
4/20/2001,2.228
4/23/2001,2.258
4/24/2001,2.26
4/25/2001,2.295
4/26/2001,2.267
4/27/2001,2.222
4/30/2001,2.189
5/1/2001,2.203
5/2/2001,2.233
5/3/2001,2.2375
5/4/2001,2.2145
5/7/2001,2.201
5/8/2001,2.2315
5/9/2001,2.2605
5/10/2001,2.2785
5/11/2001,2.286
5/14/2001,2.309
5/15/2001,2.337
5/16/2001,2.3235
5/17/2001,2.306
5/18/2001,2.295
5/21/2001,2.327
5/22/2001,2.302
5/23/2001,2.345
5/24/2001,2.355
5/25/2001,2.34
5/28/2001,NA
5/29/2001,2.335
5/30/2001,2.3575
5/31/2001,2.359
6/1/2001,2.385
6/4/2001,2.3595
6/5/2001,2.39
6/6/2001,2.382
6/7/2001,2.39
6/8/2001,2.374
6/11/2001,2.374
6/12/2001,2.39
6/13/2001,2.41
6/14/2001,2.4235
6/15/2001,2.4035
6/18/2001,2.47
6/19/2001,2.471
6/20/2001,2.476
6/21/2001,2.388
6/22/2001,2.318
6/25/2001,2.312
6/26/2001,2.314
6/27/2001,2.332
6/28/2001,2.287
6/29/2001,2.305
7/2/2001,2.326
7/3/2001,2.344
7/4/2001,NA
7/5/2001,2.425
7/6/2001,2.491
7/9/2001,2.45
7/10/2001,2.498
7/11/2001,2.56
7/12/2001,2.57
7/13/2001,2.559
7/16/2001,2.601
7/17/2001,2.509
7/18/2001,2.471
7/19/2001,2.5
7/20/2001,2.458
7/23/2001,2.405
7/24/2001,2.438
7/25/2001,2.476
7/26/2001,2.487
7/27/2001,2.495
7/30/2001,2.435
7/31/2001,2.437
8/1/2001,2.502
8/2/2001,2.482
8/3/2001,2.5
8/6/2001,2.467
8/7/2001,2.448
8/8/2001,2.466
8/9/2001,2.466
8/10/2001,2.489
8/13/2001,2.5
8/14/2001,2.515
8/15/2001,2.49
8/16/2001,2.494
8/17/2001,2.524
8/20/2001,2.5345
8/21/2001,2.533
8/22/2001,2.525
8/23/2001,2.532
8/24/2001,2.549
8/27/2001,2.56
8/28/2001,2.56
8/29/2001,2.549
8/30/2001,2.544
8/31/2001,2.552
9/3/2001,NA
9/4/2001,2.563
9/5/2001,2.564
9/6/2001,2.585
9/7/2001,2.584
9/10/2001,2.598
9/11/2001,NA
9/12/2001,2.675
9/13/2001,2.729
9/14/2001,2.713
9/17/2001,2.665
9/18/2001,2.681
9/19/2001,2.708
9/20/2001,2.734
9/21/2001,2.788
9/24/2001,2.771
9/25/2001,2.715
9/26/2001,2.722
9/27/2001,2.712
9/28/2001,2.673
10/1/2001,2.687
10/2/2001,2.7
10/3/2001,2.729
10/4/2001,2.729
10/5/2001,2.754
10/8/2001,NA
10/9/2001,2.776
10/10/2001,2.773
10/11/2001,2.785
10/12/2001,2.782
10/15/2001,2.775
10/16/2001,2.759
10/17/2001,2.7225
10/18/2001,2.748
10/19/2001,2.7622
10/22/2001,2.719
10/23/2001,2.733
10/24/2001,2.743
10/25/2001,2.7318
10/26/2001,2.7322
10/29/2001,2.727
10/30/2001,2.729
10/31/2001,2.701
11/1/2001,2.685
11/2/2001,2.675
11/5/2001,2.595
11/6/2001,2.594
11/7/2001,2.6
11/8/2001,2.555
11/9/2001,2.527
11/12/2001,NA
11/13/2001,2.514
11/14/2001,2.538
11/15/2001,2.546
11/16/2001,2.534
11/19/2001,2.519
11/20/2001,2.547
11/21/2001,2.5355
11/22/2001,NA
11/23/2001,2.5125
11/26/2001,2.493
11/27/2001,2.472
11/28/2001,2.489
11/29/2001,2.517
11/30/2001,2.514
12/3/2001,2.463
12/4/2001,2.427
12/5/2001,2.4238
12/6/2001,2.427
12/7/2001,2.4
12/10/2001,2.3425
12/11/2001,2.3425
12/12/2001,2.374
12/13/2001,2.389
12/14/2001,2.387
12/17/2001,2.361
12/18/2001,2.345
12/19/2001,2.289
12/20/2001,2.3165
12/21/2001,2.3525
12/24/2001,2.338
12/25/2001,NA
12/26/2001,2.32
12/27/2001,2.335
12/28/2001,2.326
12/31/2001,2.312
1/1/2002,NA
1/2/2002,2.31
1/3/2002,2.293
1/4/2002,2.314
1/7/2002,2.348
1/8/2002,2.361
1/9/2002,2.383
1/10/2002,2.393
1/11/2002,2.4095
1/14/2002,2.406
1/15/2002,2.36
1/16/2002,2.371
1/17/2002,2.357
1/18/2002,2.376
1/21/2002,NA
1/22/2002,2.377
1/23/2002,2.392
1/24/2002,2.4
1/25/2002,2.415
1/28/2002,2.4295
1/29/2002,2.43
1/30/2002,2.444
1/31/2002,2.409
2/1/2002,2.414
2/4/2002,2.4245
2/5/2002,2.425
2/6/2002,2.43
2/7/2002,2.454
2/8/2002,2.4656
2/11/2002,2.458
2/12/2002,2.457
2/13/2002,2.422
2/14/2002,2.4275
2/15/2002,2.434
2/18/2002,NA
2/19/2002,2.4265
2/20/2002,2.428
2/21/2002,2.422
2/22/2002,2.424
2/25/2002,2.4
2/26/2002,2.4065
2/27/2002,2.38
2/28/2002,2.361
3/1/2002,2.351
3/4/2002,2.341
3/5/2002,2.336
3/6/2002,2.352
3/7/2002,2.365
3/8/2002,2.35
3/11/2002,2.3545
3/12/2002,2.342
3/13/2002,2.3475
3/14/2002,2.3445
3/15/2002,2.348
3/18/2002,2.345
3/19/2002,2.34
3/20/2002,2.337
3/21/2002,2.349
3/22/2002,2.357
3/25/2002,2.363
3/26/2002,2.343
3/27/2002,2.329
3/28/2002,2.325
3/29/2002,2.326
4/1/2002,2.325
4/2/2002,2.299
4/3/2002,2.31
4/4/2002,2.306
4/5/2002,2.297
4/8/2002,2.291
4/9/2002,2.29
4/10/2002,2.2745
4/11/2002,2.273
4/12/2002,2.297
4/15/2002,2.324
4/16/2002,2.315
4/17/2002,2.319
4/18/2002,2.334
4/19/2002,2.3235
4/22/2002,2.342
4/23/2002,2.349
4/24/2002,2.358
4/25/2002,2.375
4/26/2002,2.37
4/29/2002,2.367
4/30/2002,2.36
5/1/2002,2.361
5/2/2002,2.382
5/3/2002,2.415
5/6/2002,2.436
5/7/2002,2.4115
5/8/2002,2.4275
5/9/2002,2.456
5/10/2002,2.482
5/13/2002,2.491
5/14/2002,2.516
5/15/2002,2.503
5/16/2002,2.493
5/17/2002,2.477
5/20/2002,2.472
5/21/2002,2.4745
5/22/2002,2.507
5/23/2002,2.538
5/24/2002,2.534
5/27/2002,NA
5/28/2002,2.525
5/29/2002,2.52
5/30/2002,2.512
5/31/2002,2.522
6/3/2002,2.55
6/4/2002,2.572
6/5/2002,2.606
6/6/2002,2.656
6/7/2002,2.648
6/10/2002,2.639
6/11/2002,2.67
6/12/2002,2.752
6/13/2002,2.635
6/14/2002,2.719
6/17/2002,2.681
6/18/2002,2.699
6/19/2002,2.692
6/20/2002,2.759
6/21/2002,2.809
6/24/2002,2.829
6/25/2002,2.8135
6/26/2002,2.857
6/27/2002,2.871
6/28/2002,2.83
7/1/2002,2.8575
7/2/2002,2.908
7/3/2002,2.868
7/4/2002,NA
7/5/2002,2.88
7/8/2002,2.859
7/9/2002,2.8455
7/10/2002,2.854
7/11/2002,2.832
7/12/2002,2.8215
7/15/2002,2.86
7/16/2002,2.869
7/17/2002,2.898
7/18/2002,2.862
7/19/2002,2.871
7/22/2002,2.879
7/23/2002,2.905
7/24/2002,2.935
7/25/2002,3
7/26/2002,3.02
7/29/2002,3.1365
7/30/2002,3.265
7/31/2002,3.485
8/1/2002,3.27
8/2/2002,3.07
8/5/2002,3.09
8/6/2002,3.22
8/7/2002,3.07
8/8/2002,2.9245
8/9/2002,2.985
8/12/2002,3.115
8/13/2002,3.175
8/14/2002,3.195
8/15/2002,3.2
8/16/2002,3.155
8/19/2002,3.0825
8/20/2002,3.0885
8/21/2002,3.08
8/22/2002,3.173
8/23/2002,3.095
8/26/2002,3.076
8/27/2002,3.072
8/28/2002,3.13
8/29/2002,3.11
8/30/2002,3.003
9/2/2002,NA
9/3/2002,3.102
9/4/2002,3.134
9/5/2002,3.1425
9/6/2002,3.175
9/9/2002,3.1225
9/10/2002,3.151
9/11/2002,3.11
9/12/2002,3.111
9/13/2002,3.145
9/16/2002,3.19
9/17/2002,3.2245
9/18/2002,3.345
9/19/2002,3.411
9/20/2002,3.435
9/23/2002,3.569
9/24/2002,3.61
9/25/2002,3.71
9/26/2002,3.77
9/27/2002,3.835
9/30/2002,3.803
10/1/2002,3.692
10/2/2002,3.581
10/3/2002,3.665
10/4/2002,3.635
10/7/2002,3.679
10/8/2002,3.726
10/9/2002,3.8495
10/10/2002,3.945
10/11/2002,3.93
10/14/2002,NA
10/15/2002,3.855
10/16/2002,3.88
10/17/2002,3.88
10/18/2002,3.88
10/21/2002,3.913
10/22/2002,3.931
10/23/2002,3.901
10/24/2002,3.857
10/25/2002,3.786
10/28/2002,3.751
10/29/2002,3.835
10/30/2002,3.73
10/31/2002,3.624
11/1/2002,3.595
11/4/2002,3.524
11/5/2002,3.553
11/6/2002,3.612
11/7/2002,3.626
11/8/2002,3.525
11/11/2002,NA
11/12/2002,3.593
11/13/2002,3.651
11/14/2002,3.705
11/15/2002,3.69
11/18/2002,3.5635
11/19/2002,3.572
11/20/2002,3.513
11/21/2002,3.542
11/22/2002,3.5758
11/25/2002,3.554
11/26/2002,3.601
11/27/2002,3.59
11/28/2002,NA
11/29/2002,3.671
12/2/2002,3.6225
12/3/2002,3.676
12/4/2002,3.716
12/5/2002,3.753
12/6/2002,3.718
12/9/2002,3.795
12/10/2002,3.786
12/11/2002,3.783
12/12/2002,3.779
12/13/2002,3.72
12/16/2002,3.598
12/17/2002,3.58
12/18/2002,3.5325
12/19/2002,3.465
12/20/2002,3.439
12/23/2002,3.51
12/24/2002,3.51
12/25/2002,NA
12/26/2002,3.541
12/27/2002,3.554
12/30/2002,3.545
12/31/2002,3.54
1/1/2003,NA
1/2/2003,3.5425
1/3/2003,3.4306
1/6/2003,3.339
1/7/2003,3.313
1/8/2003,3.295
1/9/2003,3.309
1/10/2003,3.294
1/13/2003,3.307
1/14/2003,3.265
1/15/2003,3.32
1/16/2003,3.289
1/17/2003,3.373
1/20/2003,NA
1/21/2003,3.461
1/22/2003,3.512
1/23/2003,3.5305
1/24/2003,3.616
1/27/2003,3.659
1/28/2003,3.638
1/29/2003,3.617
1/30/2003,3.563
1/31/2003,3.513
2/3/2003,3.535
2/4/2003,3.558
2/5/2003,3.574
2/6/2003,3.606
2/7/2003,3.586
2/10/2003,3.605
2/11/2003,3.581
2/12/2003,3.595
2/13/2003,3.64
2/14/2003,3.664
2/17/2003,NA
2/18/2003,3.5975
2/19/2003,3.61
2/20/2003,3.626
2/21/2003,3.613
2/24/2003,3.597
2/25/2003,3.608
2/26/2003,3.5885
2/27/2003,3.566
2/28/2003,3.565
3/3/2003,3.57
3/4/2003,3.57
3/5/2003,3.57
3/6/2003,3.53
3/7/2003,3.51
3/10/2003,3.525
3/11/2003,3.489
3/12/2003,3.48
3/13/2003,3.4225
3/14/2003,3.388
3/17/2003,3.405
3/18/2003,3.445
3/19/2003,3.476
3/20/2003,3.486
3/21/2003,3.425
3/24/2003,3.407
3/25/2003,3.395
3/26/2003,3.393
3/27/2003,3.402
3/28/2003,3.371
3/31/2003,3.332
4/1/2003,3.329
4/2/2003,3.285
4/3/2003,3.24
4/4/2003,3.233
4/7/2003,3.175
4/8/2003,3.175
4/9/2003,3.175
4/10/2003,3.22
4/11/2003,3.223
4/14/2003,3.1825
4/15/2003,3.115
4/16/2003,3.064
4/17/2003,3.035
4/18/2003,3.039
4/21/2003,3.04
4/22/2003,3.057
4/23/2003,3.007
4/24/2003,3.003
4/25/2003,3.014
4/28/2003,2.991
4/29/2003,2.9085
4/30/2003,2.887
5/1/2003,2.9125
5/2/2003,2.91
5/5/2003,2.995
5/6/2003,2.998
5/7/2003,2.965
5/8/2003,2.905
5/9/2003,2.878
5/12/2003,2.875
5/13/2003,2.88
5/14/2003,2.9
5/15/2003,2.926
5/16/2003,2.963
5/19/2003,2.9825
5/20/2003,3.01
5/21/2003,3.0025
5/22/2003,2.99
5/23/2003,2.927
5/26/2003,NA
5/27/2003,3.034
5/28/2003,3.02
5/29/2003,2.933
5/30/2003,2.979
6/2/2003,2.977
6/3/2003,2.962
6/4/2003,2.925
6/5/2003,2.897
6/6/2003,2.885
6/9/2003,2.875
6/10/2003,2.871
6/11/2003,2.877
6/12/2003,2.865
6/13/2003,2.856
6/16/2003,2.855
6/17/2003,2.886
6/18/2003,2.907
6/19/2003,2.889
6/20/2003,2.883
6/23/2003,2.887
6/24/2003,2.861
6/25/2003,2.86
6/26/2003,2.9
6/27/2003,2.882
6/30/2003,2.862
7/1/2003,2.849
7/2/2003,2.823
7/3/2003,2.833
7/4/2003,NA
7/7/2003,2.8775
7/8/2003,2.89
7/9/2003,2.86
7/10/2003,2.895
7/11/2003,2.907
7/14/2003,2.879
7/15/2003,2.84
7/16/2003,2.864
7/17/2003,2.86
7/18/2003,2.87
7/21/2003,2.8845
7/22/2003,2.881
7/23/2003,2.898
7/24/2003,2.885
7/25/2003,2.8935
7/28/2003,2.8985
7/29/2003,2.929
7/30/2003,2.95
7/31/2003,2.965
8/1/2003,3.005
8/4/2003,3.113
8/5/2003,3.037
8/6/2003,3.039
8/7/2003,2.9975
8/8/2003,2.99
8/11/2003,2.996
8/12/2003,3.025
8/13/2003,3.03
8/14/2003,3
8/15/2003,3
8/18/2003,2.994
8/19/2003,2.992
8/20/2003,3.004
8/21/2003,3.0125
8/22/2003,2.995
8/25/2003,2.992
8/26/2003,2.991
8/27/2003,2.9815
8/28/2003,2.952
8/29/2003,2.965
9/1/2003,NA
9/2/2003,2.975
9/3/2003,2.957
9/4/2003,2.942
9/5/2003,2.91
9/8/2003,2.923
9/9/2003,2.93
9/10/2003,2.906
9/11/2003,2.905
9/12/2003,2.9
9/15/2003,2.886
9/16/2003,2.897
9/17/2003,2.9225
9/18/2003,2.899
9/19/2003,2.91
9/22/2003,2.903
9/23/2003,2.922
9/24/2003,2.913
9/25/2003,2.932
9/26/2003,2.9325
9/29/2003,2.936
9/30/2003,2.928
10/1/2003,2.906
10/2/2003,2.896
10/3/2003,2.886
10/6/2003,2.876
10/7/2003,2.864
10/8/2003,2.8525
10/9/2003,2.835
10/10/2003,2.8415
10/13/2003,NA
10/14/2003,2.835
10/15/2003,2.827
10/16/2003,2.845
10/17/2003,2.866
10/20/2003,2.878
10/21/2003,2.87
10/22/2003,2.862
10/23/2003,2.87
10/24/2003,2.867
10/27/2003,2.871
10/28/2003,2.8625
10/29/2003,2.854
10/30/2003,2.853
10/31/2003,2.8645
11/3/2003,2.855
11/4/2003,2.857
11/5/2003,2.861
11/6/2003,2.883
11/7/2003,2.867
11/10/2003,2.885
11/11/2003,NA
11/12/2003,2.919
11/13/2003,2.9375
11/14/2003,2.948
11/17/2003,2.9485
11/18/2003,2.948
11/19/2003,2.945
11/20/2003,2.9465
11/21/2003,2.924
11/24/2003,2.919
11/25/2003,2.937
11/26/2003,2.945
11/27/2003,NA
11/28/2003,2.945
12/1/2003,2.9315
12/2/2003,2.93
12/3/2003,2.931
12/4/2003,2.943
12/5/2003,2.94
12/8/2003,2.945
12/9/2003,2.9355
12/10/2003,2.945
12/11/2003,2.945
12/12/2003,2.944
12/15/2003,2.922
12/16/2003,2.9375
12/17/2003,2.936
12/18/2003,2.933
12/19/2003,2.93
12/22/2003,2.925
12/23/2003,2.91
12/24/2003,2.914
12/25/2003,NA
12/26/2003,2.9
12/29/2003,2.87
12/30/2003,2.899
12/31/2003,2.895
1/1/2004,NA
1/2/2004,2.884
1/5/2004,2.858
1/6/2004,2.8575
1/7/2004,2.869
1/8/2004,2.85
1/9/2004,2.845
1/12/2004,2.807
1/13/2004,2.81
1/14/2004,2.8215
1/15/2004,2.81
1/16/2004,2.825
1/19/2004,NA
1/20/2004,2.838
1/21/2004,2.846
1/22/2004,2.844
1/23/2004,2.844
1/26/2004,2.843
1/27/2004,2.865
1/28/2004,2.88
1/29/2004,2.945
1/30/2004,2.924
2/2/2004,2.9525
2/3/2004,2.928
2/4/2004,2.91
2/5/2004,2.932
2/6/2004,2.942
2/9/2004,2.932
2/10/2004,2.917
2/11/2004,2.919
2/12/2004,2.904
2/13/2004,2.92
2/16/2004,NA
2/17/2004,2.912
2/18/2004,2.936
2/19/2004,2.949
2/20/2004,2.972
2/23/2004,2.962
2/24/2004,2.9625
2/25/2004,2.943
2/26/2004,2.9425
2/27/2004,2.915
3/1/2004,2.8905
3/2/2004,2.907
3/3/2004,2.882
3/4/2004,2.8925
3/5/2004,2.877
3/8/2004,2.8825
3/9/2004,2.868
3/10/2004,2.89
3/11/2004,2.91
3/12/2004,2.906
3/15/2004,2.9075
3/16/2004,2.902
3/17/2004,2.913
3/18/2004,2.92
3/19/2004,2.901
3/22/2004,2.912
3/23/2004,2.921
3/24/2004,2.929
3/25/2004,2.94
3/26/2004,2.938
3/29/2004,2.939
3/30/2004,2.919
3/31/2004,2.907
4/1/2004,2.8925
4/2/2004,2.8985
4/5/2004,2.882
4/6/2004,2.874
4/7/2004,2.876
4/8/2004,2.877
4/9/2004,2.888
4/12/2004,2.888
4/13/2004,2.888
4/14/2004,2.8955
4/15/2004,2.916
4/16/2004,2.915
4/19/2004,2.915
4/20/2004,2.921
4/21/2004,2.9325
4/22/2004,2.927
4/23/2004,2.9135
4/26/2004,2.913
4/27/2004,2.9185
4/28/2004,2.9395
4/29/2004,2.959
4/30/2004,2.944
5/3/2004,2.962
5/4/2004,2.968
5/5/2004,2.964
5/6/2004,2.995
5/7/2004,3.084
5/10/2004,3.105
5/11/2004,3.085
5/12/2004,3.1265
5/13/2004,3.12
5/14/2004,3.092
5/17/2004,3.126
5/18/2004,3.122
5/19/2004,3.114
5/20/2004,3.2085
5/21/2004,3.187
5/24/2004,3.2015
5/25/2004,3.1475
5/26/2004,3.18
5/27/2004,3.1475
5/28/2004,3.111
5/31/2004,NA
6/1/2004,3.155
6/2/2004,3.13
6/3/2004,3.144
6/4/2004,3.13
6/7/2004,3.116
6/8/2004,3.1195
6/9/2004,3.113
6/10/2004,3.113
6/11/2004,3.15
6/14/2004,3.162
6/15/2004,3.128
6/16/2004,3.1495
6/17/2004,3.124
6/18/2004,3.1425
6/21/2004,3.129
6/22/2004,3.135
6/23/2004,3.1285
6/24/2004,3.103
6/25/2004,3.11
6/28/2004,3.1375
6/29/2004,3.12
6/30/2004,3.105
7/1/2004,3.083
7/2/2004,3.041
7/5/2004,NA
7/6/2004,3.0435
7/7/2004,3.03
7/8/2004,3.043
7/9/2004,3.044
7/12/2004,3.0425
7/13/2004,3.046
7/14/2004,3.027
7/15/2004,3.025
7/16/2004,3
7/19/2004,2.998
7/20/2004,3.0025
7/21/2004,3.0435
7/22/2004,3.043
7/23/2004,3.0455
7/26/2004,3.072
7/27/2004,3.063
7/28/2004,3.054
7/29/2004,3.033
7/30/2004,3.0275
8/2/2004,3.0505
8/3/2004,3.054
8/4/2004,3.058
8/5/2004,3.058
8/6/2004,3.04
8/9/2004,3.0395
8/10/2004,3.022
8/11/2004,3.038
8/12/2004,3.0345
8/13/2004,3.02
8/16/2004,3.0155
8/17/2004,2.996
8/18/2004,2.989
8/19/2004,2.978
8/20/2004,2.978
8/23/2004,2.968
8/24/2004,2.954
8/25/2004,2.949
8/26/2004,2.956
8/27/2004,2.9585
8/30/2004,2.944
8/31/2004,2.94
9/1/2004,2.928
9/2/2004,2.937
9/3/2004,2.9285
9/6/2004,NA
9/7/2004,2.912
9/8/2004,2.902
9/9/2004,2.907
9/10/2004,2.902
9/13/2004,2.907
9/14/2004,2.915
9/15/2004,2.9075
9/16/2004,2.891
9/17/2004,2.8755
9/20/2004,2.864
9/21/2004,2.8755
9/22/2004,2.871
9/23/2004,2.8725
9/24/2004,2.867
9/27/2004,2.872
9/28/2004,2.865
9/29/2004,2.856
9/30/2004,2.864
10/1/2004,2.84
10/4/2004,2.824
10/5/2004,2.823
10/6/2004,2.837
10/7/2004,2.8545
10/8/2004,2.8175
10/11/2004,NA
10/12/2004,2.826
10/13/2004,2.841
10/14/2004,2.8675
10/15/2004,2.857
10/18/2004,2.8575
10/19/2004,2.876
10/20/2004,2.887
10/21/2004,2.851
10/22/2004,2.852
10/25/2004,2.882
10/26/2004,2.871
10/27/2004,2.86
10/28/2004,2.864
10/29/2004,2.852
11/1/2004,2.863
11/2/2004,2.8435
11/3/2004,2.825
11/4/2004,2.812
11/5/2004,2.815
11/8/2004,2.833
11/9/2004,2.826
11/10/2004,2.818
11/11/2004,NA
11/12/2004,2.792
11/15/2004,2.791
11/16/2004,2.778
11/17/2004,2.76
11/18/2004,2.7675
11/19/2004,2.7753
11/22/2004,2.7595
11/23/2004,2.749
11/24/2004,2.7425
11/25/2004,NA
11/26/2004,2.7277
11/29/2004,2.744
11/30/2004,2.731
12/1/2004,2.703
12/2/2004,2.7285
12/3/2004,2.6965
12/6/2004,2.717
12/7/2004,2.737
12/8/2004,2.761
12/9/2004,2.78
12/10/2004,2.778
12/13/2004,2.76
12/14/2004,2.7678
12/15/2004,2.735
12/16/2004,2.735
12/17/2004,2.713
12/20/2004,2.684
12/21/2004,2.689
12/22/2004,2.704
12/23/2004,2.693
12/24/2004,2.69
12/27/2004,2.694
12/28/2004,2.69
12/29/2004,2.6825
12/30/2004,2.651
12/31/2004,2.655
1/3/2005,2.6695
1/4/2005,2.702
1/5/2005,2.697
1/6/2005,2.719
1/7/2005,2.7095
1/10/2005,2.6955
1/11/2005,2.712
1/12/2005,2.6961
1/13/2005,2.699
1/14/2005,2.704
1/17/2005,NA
1/18/2005,2.713
1/19/2005,2.704
1/20/2005,2.7227
1/21/2005,2.6902
1/24/2005,2.6795
1/25/2005,2.686
1/26/2005,2.6673
1/27/2005,2.6635
1/28/2005,2.6477
1/31/2005,2.6115
2/1/2005,2.605
2/2/2005,2.6175
2/3/2005,2.6042
2/4/2005,2.6
2/7/2005,2.6015
2/8/2005,2.631
2/9/2005,2.6075
2/10/2005,2.611
2/11/2005,2.6065
2/14/2005,2.582
2/15/2005,2.5728
2/16/2005,2.591
2/17/2005,2.564
2/18/2005,2.566
2/21/2005,NA
2/22/2005,2.5922
2/23/2005,2.58
2/24/2005,2.6025
2/25/2005,2.6265
2/28/2005,2.5846
3/1/2005,2.6103
3/2/2005,2.627
3/3/2005,2.698
3/4/2005,2.6513
3/7/2005,2.6539
3/8/2005,2.6925
3/9/2005,2.7186
3/10/2005,2.729
3/11/2005,2.6975
3/14/2005,2.753
3/15/2005,2.7755
3/16/2005,2.744
3/17/2005,2.7345
3/18/2005,2.709
3/21/2005,2.722
3/22/2005,2.708
3/23/2005,2.7455
3/24/2005,2.7415
3/25/2005,2.7385
3/28/2005,2.7439
3/29/2005,2.7053
3/30/2005,2.6755
3/31/2005,2.666
4/1/2005,2.6572
4/4/2005,2.657
4/5/2005,2.6248
4/6/2005,2.6023
4/7/2005,2.595
4/8/2005,2.591
4/11/2005,2.5753
4/12/2005,2.598
4/13/2005,2.555
4/14/2005,2.571
4/15/2005,2.5875
4/18/2005,2.619
4/19/2005,2.584
4/20/2005,2.56
4/21/2005,2.5485
4/22/2005,2.5339
4/25/2005,2.526
4/26/2005,2.542
4/27/2005,2.5135
4/28/2005,2.523
4/29/2005,2.533
5/2/2005,2.5147
5/3/2005,2.502
5/4/2005,2.475
5/5/2005,2.47
5/6/2005,2.4668
5/9/2005,2.4528
5/10/2005,2.4742
5/11/2005,2.48
5/12/2005,2.461
5/13/2005,2.463
5/16/2005,2.478
5/17/2005,2.4775
5/18/2005,2.4625
5/19/2005,2.4455
5/20/2005,2.4525
5/23/2005,2.43
5/24/2005,2.4339
5/25/2005,2.4075
5/26/2005,2.409
5/27/2005,2.396
5/30/2005,NA
5/31/2005,2.411
6/1/2005,2.442
6/2/2005,2.4166
6/3/2005,2.4081
6/6/2005,2.476
6/7/2005,2.456
6/8/2005,2.4398
6/9/2005,2.4887
6/10/2005,2.467
6/13/2005,2.4588
6/14/2005,2.461
6/15/2005,2.4443
6/16/2005,2.4095
6/17/2005,2.392
6/20/2005,2.3825
6/21/2005,2.379
6/22/2005,2.376
6/23/2005,2.3925
6/24/2005,2.38
6/27/2005,2.3812
6/28/2005,2.3693
6/29/2005,2.3493
6/30/2005,2.357
7/1/2005,2.348
7/4/2005,NA
7/5/2005,2.3623
7/6/2005,2.3867
7/7/2005,2.3854
7/8/2005,2.3693
7/11/2005,2.3455
7/12/2005,2.3353
7/13/2005,2.3455
7/14/2005,2.337
7/15/2005,2.3384
7/18/2005,2.3265
7/19/2005,2.342
7/20/2005,2.3575
7/21/2005,2.35
7/22/2005,2.3773
7/25/2005,2.419
7/26/2005,2.4365
7/27/2005,2.443
7/28/2005,2.414
7/29/2005,2.3855
8/1/2005,2.377
8/2/2005,2.3497
8/3/2005,2.309
8/4/2005,2.2965
8/5/2005,2.3005
8/8/2005,2.3095
8/9/2005,2.312
8/10/2005,2.2745
8/11/2005,2.3305
8/12/2005,2.3735
8/15/2005,2.342
8/16/2005,2.345
8/17/2005,2.351
8/18/2005,2.369
8/19/2005,2.45
8/22/2005,2.3971
8/23/2005,2.402
8/24/2005,2.4205
8/25/2005,2.4186
8/26/2005,2.42
8/29/2005,2.4106
8/30/2005,2.3884
8/31/2005,2.354
9/1/2005,2.3645
9/2/2005,2.3405
9/5/2005,NA
9/6/2005,2.3281
9/7/2005,2.3285
9/8/2005,2.3153
9/9/2005,2.3209
9/12/2005,2.3193
9/13/2005,2.3288
9/14/2005,2.3345
9/15/2005,2.301
9/16/2005,2.292
9/19/2005,2.2875
9/20/2005,2.2963
9/21/2005,2.2823
9/22/2005,2.287
9/23/2005,2.2725
9/26/2005,2.2628
9/27/2005,2.2555
9/28/2005,2.2417
9/29/2005,2.2215
9/30/2005,2.2125
10/3/2005,2.235
10/4/2005,2.244
10/5/2005,2.263
10/6/2005,2.2755
10/7/2005,2.253
10/10/2005,NA
10/11/2005,2.235
10/12/2005,2.2315
10/13/2005,2.2625
10/14/2005,2.2475
10/17/2005,2.2295
10/18/2005,2.2405
10/19/2005,2.2513
10/20/2005,2.236
10/21/2005,2.276
10/24/2005,2.263
10/25/2005,2.2582
10/26/2005,2.2686
10/27/2005,2.2868
10/28/2005,2.2665
10/31/2005,2.2478
11/1/2005,2.2515
11/2/2005,2.241
11/3/2005,2.22
11/4/2005,2.222
11/7/2005,2.1979
11/8/2005,2.2025
11/9/2005,2.1698
11/10/2005,2.1714
11/11/2005,NA
11/14/2005,2.2025
11/15/2005,2.204
11/16/2005,2.198
11/17/2005,2.184
11/18/2005,2.2259
11/21/2005,2.213
11/22/2005,2.2545
11/23/2005,2.2335
11/24/2005,NA
11/25/2005,2.2304
11/28/2005,2.204
11/29/2005,2.1908
11/30/2005,2.201
12/1/2005,2.209
12/2/2005,2.204
12/5/2005,2.1945
12/6/2005,2.1695
12/7/2005,2.187
12/8/2005,2.212
12/9/2005,2.242
12/12/2005,2.259
12/13/2005,2.255
12/14/2005,2.2848
12/15/2005,2.2965
12/16/2005,2.3365
12/19/2005,2.3755
12/20/2005,2.3523
12/21/2005,2.3085
12/22/2005,2.323
12/23/2005,2.3115
12/26/2005,NA
12/27/2005,2.364
12/28/2005,2.35
12/29/2005,2.3297
12/30/2005,2.334
1/2/2006,NA
1/3/2006,2.332
1/4/2006,2.302
1/5/2006,2.281
1/6/2006,2.2875
1/9/2006,2.26
1/10/2006,2.2564
1/11/2006,2.272
1/12/2006,2.2616
1/13/2006,2.2652
1/16/2006,NA
1/17/2006,2.2945
1/18/2006,2.323
1/19/2006,2.331
1/20/2006,2.278
1/23/2006,2.257
1/24/2006,2.236
1/25/2006,2.243
1/26/2006,2.2304
1/27/2006,2.2045
1/30/2006,2.2075
1/31/2006,2.2094
2/1/2006,2.217
2/2/2006,2.225
2/3/2006,2.2184
2/6/2006,2.1845
2/7/2006,2.1901
2/8/2006,2.1952
2/9/2006,2.17
2/10/2006,2.1632
2/13/2006,2.1519
2/14/2006,2.1375
2/15/2006,2.1295
2/16/2006,2.116
2/17/2006,2.117
2/20/2006,NA
2/21/2006,2.124
2/22/2006,2.143
2/23/2006,2.1375
2/24/2006,2.1293
2/27/2006,2.1485
2/28/2006,2.118
3/1/2006,2.12
3/2/2006,2.1141
3/3/2006,2.122
3/6/2006,2.119
3/7/2006,2.1667
3/8/2006,2.1933
3/9/2006,2.165
3/10/2006,2.1485
3/13/2006,2.132
3/14/2006,2.1231
3/15/2006,2.1256
3/16/2006,2.103
3/17/2006,2.1207
3/20/2006,2.1349
3/21/2006,2.1557
3/22/2006,2.1594
3/23/2006,2.154
3/24/2006,2.152
3/27/2006,2.201
3/28/2006,2.2233
3/29/2006,2.2175
3/30/2006,2.191
3/31/2006,2.172
4/3/2006,2.143
4/4/2006,2.13
4/5/2006,2.129
4/6/2006,2.1355
4/7/2006,2.139
4/10/2006,2.1483
4/11/2006,2.1485
4/12/2006,2.1385
4/13/2006,2.138
4/14/2006,2.139
4/17/2006,2.1339
4/18/2006,2.128
4/19/2006,2.12
4/20/2006,2.1235
4/21/2006,2.1199
4/24/2006,2.1154
4/25/2006,2.1195
4/26/2006,2.119
4/27/2006,2.104
4/28/2006,2.09
5/1/2006,2.0785
5/2/2006,2.068
5/3/2006,2.0685
5/4/2006,2.0635
5/5/2006,2.0549
5/8/2006,2.0605
5/9/2006,2.06
5/10/2006,2.0555
5/11/2006,2.0925
5/12/2006,2.134
5/15/2006,2.168
5/16/2006,2.1446
5/17/2006,2.187
5/18/2006,2.2045
5/19/2006,2.2
5/22/2006,2.2973
5/23/2006,2.2535
5/24/2006,2.358
5/25/2006,2.3105
5/26/2006,2.258
5/29/2006,NA
5/30/2006,2.315
5/31/2006,2.3007
6/1/2006,2.2697
6/2/2006,2.2855
6/5/2006,2.251
6/6/2006,2.2695
6/7/2006,2.2585
6/8/2006,2.2865
6/9/2006,2.2645
6/12/2006,2.2625
6/13/2006,2.292
6/14/2006,2.2825
6/15/2006,2.261
6/16/2006,2.251
6/19/2006,2.232
6/20/2006,2.2416
6/21/2006,2.2415
6/22/2006,2.2335
6/23/2006,2.247
6/26/2006,2.2277
6/27/2006,2.23
6/28/2006,2.2275
6/29/2006,2.2055
6/30/2006,2.164
7/3/2006,2.1595
7/4/2006,NA
7/5/2006,2.191
7/6/2006,2.1815
7/7/2006,2.1683
7/10/2006,2.1712
7/11/2006,2.1835
7/12/2006,2.189
7/13/2006,2.2053
7/14/2006,2.213
7/17/2006,2.2117
7/18/2006,2.1963
7/19/2006,2.1853
7/20/2006,2.1847
7/21/2006,2.1909
7/24/2006,2.1886
7/25/2006,2.2018
7/26/2006,2.2054
7/27/2006,2.187
7/28/2006,2.1776
7/31/2006,2.1745
8/1/2006,2.1875
8/2/2006,2.1769
8/3/2006,2.1812
8/4/2006,2.172
8/7/2006,2.1775
8/8/2006,2.1849
8/9/2006,2.167
8/10/2006,2.1655
8/11/2006,2.1615
8/14/2006,2.1555
8/15/2006,2.1458
8/16/2006,2.129
8/17/2006,2.1315
8/18/2006,2.149
8/21/2006,2.1364
8/22/2006,2.1303
8/23/2006,2.1346
8/24/2006,2.1633
8/25/2006,2.1593
8/28/2006,2.1468
8/29/2006,2.1431
8/30/2006,2.1325
8/31/2006,2.141
9/1/2006,2.1397
9/4/2006,NA
9/5/2006,2.125
9/6/2006,2.1452
9/7/2006,2.153
9/8/2006,2.1545
9/11/2006,2.1756
9/12/2006,2.1696
9/13/2006,2.163
9/14/2006,2.155
9/15/2006,2.1535
9/18/2006,2.1405
9/19/2006,2.156
9/20/2006,2.1729
9/21/2006,2.1805
9/22/2006,2.2126
9/25/2006,2.2308
9/26/2006,2.205
9/27/2006,2.1851
9/28/2006,2.174
9/29/2006,2.1664
10/2/2006,2.157
10/3/2006,2.1713
10/4/2006,2.167
10/5/2006,2.1656
10/6/2006,2.166
10/9/2006,NA
10/10/2006,2.1451
10/11/2006,2.15
10/12/2006,2.149
10/13/2006,2.141
10/16/2006,2.132
10/17/2006,2.136
10/18/2006,2.131
10/19/2006,2.1355
10/20/2006,2.1425
10/23/2006,2.1375
10/24/2006,2.1435
10/25/2006,2.1463
10/26/2006,2.134
10/27/2006,2.135
10/30/2006,2.1405
10/31/2006,2.135
11/1/2006,2.1388
11/2/2006,2.1425
11/3/2006,2.1432
11/6/2006,2.1337
11/7/2006,2.135
11/8/2006,2.1428
11/9/2006,2.141
11/10/2006,2.149
11/13/2006,2.1635
11/14/2006,2.1555
11/15/2006,2.1475
11/16/2006,2.149
11/17/2006,2.164
11/20/2006,2.158
11/21/2006,2.164
11/22/2006,2.162
11/23/2006,NA
11/24/2006,2.1659
11/27/2006,2.1805
11/28/2006,2.185
11/29/2006,2.1775
11/30/2006,2.1665
12/1/2006,2.161
12/4/2006,2.1675
12/5/2006,2.155
12/6/2006,2.1474
12/7/2006,2.141
12/8/2006,2.1382
12/11/2006,2.136
12/12/2006,2.149
12/13/2006,2.1427
12/14/2006,2.141
12/15/2006,2.145
12/18/2006,2.146
12/19/2006,2.1575
12/20/2006,2.1565
12/21/2006,2.158
12/22/2006,2.15
12/25/2006,NA
12/26/2006,2.143
12/27/2006,2.1472
12/28/2006,2.136
12/29/2006,2.1342
1/1/2007,NA
1/2/2007,2.134
1/3/2007,2.139
1/4/2007,2.142
1/5/2007,2.1505
1/8/2007,2.15
1/9/2007,2.152
1/10/2007,2.1516
1/11/2007,2.145
1/12/2007,2.141
1/15/2007,NA
1/16/2007,2.1426
1/17/2007,2.1317
1/18/2007,2.13
1/19/2007,2.128
1/22/2007,2.132
1/23/2007,2.134
1/24/2007,2.128
1/25/2007,2.13
1/26/2007,2.135
1/29/2007,2.137
1/30/2007,2.133
1/31/2007,2.1225
2/1/2007,2.1052
2/2/2007,2.096
2/5/2007,2.0925
2/6/2007,2.0852
2/7/2007,2.085
2/8/2007,2.097
2/9/2007,2.0993
2/12/2007,2.1135
2/13/2007,2.108
2/14/2007,2.098
2/15/2007,2.087
2/16/2007,2.0898
2/19/2007,NA
2/20/2007,2.081
2/21/2007,2.0791
2/22/2007,2.074
2/23/2007,2.087
2/26/2007,2.0828
2/27/2007,2.1045
2/28/2007,2.12
3/1/2007,2.123
3/2/2007,2.121
3/5/2007,2.1385
3/6/2007,2.1235
3/7/2007,2.114
3/8/2007,2.1034
3/9/2007,2.0955
3/12/2007,2.0915
3/13/2007,2.0885
3/14/2007,2.106
3/15/2007,2.09
3/16/2007,2.09
3/19/2007,2.079
3/20/2007,2.0753
3/21/2007,2.072
3/22/2007,2.0555
3/23/2007,2.067
3/26/2007,2.061
3/27/2007,2.0612
3/28/2007,2.074
3/29/2007,2.054
3/30/2007,2.058
4/2/2007,2.0465
4/3/2007,2.037
4/4/2007,2.0308
4/5/2007,2.0304
4/6/2007,2.0306
4/9/2007,2.0215
4/10/2007,2.031
4/11/2007,2.0305
4/12/2007,2.0367
4/13/2007,2.0192
4/16/2007,2.0316
4/17/2007,2.0317
4/18/2007,2.038
4/19/2007,2.031
4/20/2007,2.024
4/23/2007,2.0231
4/24/2007,2.0359
4/25/2007,2.0221
4/26/2007,2.021
4/27/2007,2.0305
4/30/2007,2.0308
5/1/2007,2.033
5/2/2007,2.0243
5/3/2007,2.022
5/4/2007,2.0283
5/7/2007,2.0235
5/8/2007,2.0245
5/9/2007,2.022
5/10/2007,2.0167
5/11/2007,2.0173
5/14/2007,2.0103
5/15/2007,1.9888
5/16/2007,1.9636
5/17/2007,1.9541
5/18/2007,1.9631
5/21/2007,1.9426
5/22/2007,1.9376
5/23/2007,1.9415
5/24/2007,1.965
5/25/2007,1.9456
5/28/2007,NA
5/29/2007,1.942
5/30/2007,1.9498
5/31/2007,1.9225
6/1/2007,1.901
6/4/2007,1.9182
6/5/2007,1.9401
6/6/2007,1.968
6/7/2007,1.9673
6/8/2007,1.9666
6/11/2007,1.943
6/12/2007,1.939
6/13/2007,1.9467
6/14/2007,1.931
6/15/2007,1.9098
6/18/2007,1.9029
6/19/2007,1.9017
6/20/2007,1.9175
6/21/2007,1.919
6/22/2007,1.923
6/25/2007,1.9362
6/26/2007,1.943
6/27/2007,1.95
6/28/2007,1.9239
6/29/2007,1.9301
7/2/2007,1.916
7/3/2007,1.9142
7/4/2007,NA
7/5/2007,1.9134
7/6/2007,1.9015
7/9/2007,1.898
7/10/2007,1.891
7/11/2007,1.889
7/12/2007,1.8758
7/13/2007,1.8713
7/16/2007,1.8694
7/17/2007,1.8639
7/18/2007,1.8573
7/19/2007,1.8538
7/20/2007,1.8619
7/23/2007,1.8413
7/24/2007,1.849
7/25/2007,1.8705
7/26/2007,1.8953
7/27/2007,1.917
7/30/2007,1.8865
7/31/2007,1.869
8/1/2007,1.881
8/2/2007,1.8692
8/3/2007,1.8781
8/6/2007,1.8985
8/7/2007,1.907
8/8/2007,1.8851
8/9/2007,1.9144
8/10/2007,1.9423
8/13/2007,1.938
8/14/2007,1.9752
8/15/2007,1.9963
8/16/2007,2.105
8/17/2007,2.032
8/20/2007,2.037
8/21/2007,2.0286
8/22/2007,2.0131
8/23/2007,1.9992
8/24/2007,1.9745
8/27/2007,1.955
8/28/2007,1.9876
8/29/2007,1.9741
8/30/2007,1.9665
8/31/2007,1.9672
9/3/2007,1.9672
9/4/2007,1.9465
9/5/2007,1.9678
9/6/2007,1.949
9/7/2007,1.9595
9/10/2007,1.96
9/11/2007,1.9305
9/12/2007,1.9095
9/13/2007,1.8979
9/14/2007,1.8945
9/17/2007,1.9129
9/18/2007,1.9005
9/19/2007,1.87
9/20/2007,1.856
9/21/2007,1.862
9/24/2007,1.87
9/25/2007,1.865
9/26/2007,1.853
9/27/2007,1.838
9/28/2007,1.836
10/1/2007,1.8179
10/2/2007,1.822
10/3/2007,1.827
10/4/2007,1.8288
10/5/2007,1.8057
10/8/2007,1.8057
10/9/2007,1.801
10/10/2007,1.8015
10/11/2007,1.7897
10/12/2007,1.7998
10/15/2007,1.8068
10/16/2007,1.8229
10/17/2007,1.806
10/18/2007,1.8048
10/19/2007,1.7963
10/22/2007,1.8187
10/23/2007,1.797
10/24/2007,1.8033
10/25/2007,1.7931
10/26/2007,1.7779
10/29/2007,1.7555
10/30/2007,1.7502
10/31/2007,1.7386
11/1/2007,1.7473
11/2/2007,1.755
11/5/2007,1.754
11/6/2007,1.7298
11/7/2007,1.7304
11/8/2007,1.7352
11/9/2007,1.7505
11/12/2007,NA
11/13/2007,1.7682
11/14/2007,1.7335
11/15/2007,1.7448
11/16/2007,1.7422
11/19/2007,1.761
11/20/2007,1.757
11/21/2007,1.7859
11/22/2007,1.7859
11/23/2007,1.802
11/26/2007,1.8302
11/27/2007,1.838
11/28/2007,1.7976
11/29/2007,1.776
11/30/2007,1.78
12/3/2007,1.784
12/4/2007,1.8204
12/5/2007,1.7928
12/6/2007,1.7868
12/7/2007,1.762
12/10/2007,1.7625
12/11/2007,1.758
12/12/2007,1.7583
12/13/2007,1.776
12/14/2007,1.7959
12/17/2007,1.8158
12/18/2007,1.8092
12/19/2007,1.8025
12/20/2007,1.8021
12/21/2007,1.7906
12/24/2007,1.7915
12/25/2007,NA
12/26/2007,1.7735
12/27/2007,1.7655
12/28/2007,1.7771
12/31/2007,1.779
1/1/2008,NA
1/2/2008,1.7681
1/3/2008,1.7496
1/4/2008,1.7607
1/7/2008,1.7679
1/8/2008,1.7565
1/9/2008,1.7725
1/10/2008,1.764
1/11/2008,1.749
1/14/2008,1.7346
1/15/2008,1.7481
1/16/2008,1.7685
1/17/2008,1.7769
1/18/2008,1.793
1/21/2008,NA
1/22/2008,1.8013
1/23/2008,1.8175
1/24/2008,1.7848
1/25/2008,1.786
1/28/2008,1.7828
1/29/2008,1.7728
1/30/2008,1.7778
1/31/2008,1.7578
2/1/2008,1.7438
2/4/2008,1.7455
2/5/2008,1.7605
2/6/2008,1.7508
2/7/2008,1.761
2/8/2008,1.7655
2/11/2008,1.7605
2/12/2008,1.745
2/13/2008,1.7458
2/14/2008,1.7463
2/15/2008,1.7513
2/18/2008,NA
2/19/2008,1.7315
2/20/2008,1.734
2/21/2008,1.707
2/22/2008,1.7086
2/25/2008,1.7052
2/26/2008,1.686
2/27/2008,1.6671
2/28/2008,1.68
2/29/2008,1.6845
3/3/2008,1.6779
3/4/2008,1.6818
3/5/2008,1.6673
3/6/2008,1.669
3/7/2008,1.6873
3/10/2008,1.7037
3/11/2008,1.7011
3/12/2008,1.6802
3/13/2008,1.6994
3/14/2008,1.704
3/17/2008,1.7221
3/18/2008,1.706
3/19/2008,1.6996
3/20/2008,1.7392
3/21/2008,1.7308
3/24/2008,1.7303
3/25/2008,1.7403
3/26/2008,1.7353
3/27/2008,1.7313
3/28/2008,1.7393
3/31/2008,1.7441
4/1/2008,1.741
4/2/2008,1.7241
4/3/2008,1.7211
4/4/2008,1.71
4/7/2008,1.6985
4/8/2008,1.6983
4/9/2008,1.6914
4/10/2008,1.6775
4/11/2008,1.681
4/14/2008,1.6795
4/15/2008,1.6845
4/16/2008,1.672
4/17/2008,1.6625
4/18/2008,1.664
4/21/2008,1.666
4/22/2008,1.6547
4/23/2008,1.6571
4/24/2008,1.669
4/25/2008,1.6686
4/28/2008,1.6778
4/29/2008,1.706
4/30/2008,1.695
5/1/2008,1.6618
5/2/2008,1.6463
5/5/2008,1.6599
5/6/2008,1.6605
5/7/2008,1.6743
5/8/2008,1.679
5/9/2008,1.688
5/12/2008,1.667
5/13/2008,1.66
5/14/2008,1.6618
5/15/2008,1.6518
5/16/2008,1.643
5/19/2008,1.647
5/20/2008,1.6539
5/21/2008,1.65
5/22/2008,1.6563
5/23/2008,1.655
5/26/2008,NA
5/27/2008,1.6709
5/28/2008,1.6684
5/29/2008,1.6476
5/30/2008,1.6252
6/2/2008,1.6305
6/3/2008,1.6227
6/4/2008,1.6293
6/5/2008,1.6345
6/6/2008,1.6261
6/9/2008,1.6226
6/10/2008,1.6403
6/11/2008,1.6405
6/12/2008,1.6392
6/13/2008,1.6316
6/16/2008,1.6249
6/17/2008,1.6128
6/18/2008,1.6088
6/19/2008,1.6036
6/20/2008,1.6018
6/23/2008,1.6137
6/24/2008,1.603
6/25/2008,1.5996
6/26/2008,1.5925
6/27/2008,1.6038
6/30/2008,1.5945
7/1/2008,1.609
7/2/2008,1.6003
7/3/2008,1.6061
7/4/2008,NA
7/7/2008,1.5999
7/8/2008,1.611
7/9/2008,1.6067
7/10/2008,1.6082
7/11/2008,1.603
7/14/2008,1.5928
7/15/2008,1.5935
7/16/2008,1.5954
7/17/2008,1.5877
7/18/2008,1.5898
7/21/2008,1.5842
7/22/2008,1.5841
7/23/2008,1.5838
7/24/2008,1.5775
7/25/2008,1.5728
7/28/2008,1.5752
7/29/2008,1.5715
7/30/2008,1.5605
7/31/2008,1.566
8/1/2008,1.558
8/4/2008,1.5683
8/5/2008,1.5734
8/6/2008,1.5801
8/7/2008,1.5897
8/8/2008,1.6107
8/11/2008,1.6089
8/12/2008,1.6223
8/13/2008,1.624
8/14/2008,1.6225
8/15/2008,1.6361
8/18/2008,1.6303
8/19/2008,1.638
8/20/2008,1.624
8/21/2008,1.6135
8/22/2008,1.6184
8/25/2008,1.6269
8/26/2008,1.639
8/27/2008,1.622
8/28/2008,1.6265
8/29/2008,1.6349
9/1/2008,NA
9/2/2008,1.6573
9/3/2008,1.6741
9/4/2008,1.6968
9/5/2008,1.7339
9/8/2008,1.7429
9/9/2008,1.7569
9/10/2008,1.7823
9/11/2008,1.8163
9/12/2008,1.781
9/15/2008,1.805
9/16/2008,1.8281
9/17/2008,1.8785
9/18/2008,1.9095
9/19/2008,1.823
9/22/2008,1.7985
9/23/2008,1.8167
9/24/2008,1.8432
9/25/2008,1.8327
9/26/2008,1.854
9/29/2008,1.9115
9/30/2008,1.9225
10/1/2008,1.935
10/2/2008,1.9958
10/3/2008,2.008
10/6/2008,2.1646
10/7/2008,2.231
10/8/2008,2.406
10/9/2008,2.2
10/10/2008,2.2972
10/13/2008,NA
10/14/2008,2.0855
10/15/2008,2.165
10/16/2008,2.1925
10/17/2008,2.12
10/20/2008,2.106
10/21/2008,2.213
10/22/2008,2.376
10/23/2008,2.277
10/24/2008,2.3881
10/27/2008,2.255
10/28/2008,2.1862
10/29/2008,2.126
10/30/2008,2.131
10/31/2008,2.123
11/3/2008,2.1736
11/4/2008,2.0995
11/5/2008,2.121
11/6/2008,2.1865
11/7/2008,2.1523
11/10/2008,2.17
11/11/2008,NA
11/12/2008,2.2785
11/13/2008,2.3325
11/14/2008,2.2756
11/17/2008,2.3035
11/18/2008,2.2985
11/19/2008,2.3894
11/20/2008,2.395
11/21/2008,2.456
11/24/2008,2.3213
11/25/2008,2.3012
11/26/2008,2.306
11/27/2008,NA
11/28/2008,2.3074
12/1/2008,2.3625
12/2/2008,2.378
12/3/2008,2.3955
12/4/2008,2.479
12/5/2008,2.6187
12/8/2008,2.4625
12/9/2008,2.4835
12/10/2008,2.433
12/11/2008,2.2905
12/12/2008,2.399
12/15/2008,2.3585
12/16/2008,2.367
12/17/2008,2.369
12/18/2008,2.356
12/19/2008,2.3785
12/22/2008,2.405
12/23/2008,2.3752
12/24/2008,2.375
12/25/2008,NA
12/26/2008,2.3727
12/29/2008,2.3975
12/30/2008,2.3291
12/31/2008,2.313
1/1/2009,NA
1/2/2009,2.323
1/5/2009,2.264
1/6/2009,2.1895
1/7/2009,2.2209
1/8/2009,2.265
1/9/2009,2.2888
1/12/2009,2.3194
1/13/2009,2.2945
1/14/2009,2.3537
1/15/2009,2.3698
1/16/2009,2.338
1/19/2009,NA
1/20/2009,2.3617
1/21/2009,2.3525
1/22/2009,2.3515
1/23/2009,2.3467
1/26/2009,2.3123
1/27/2009,2.3183
1/28/2009,2.289
1/29/2009,2.2871
1/30/2009,2.313
2/2/2009,2.3262
2/3/2009,2.3151
2/4/2009,2.291
2/5/2009,2.2966
2/6/2009,2.262
2/9/2009,2.2375
2/10/2009,2.2663
2/11/2009,2.2649
2/12/2009,2.294
2/13/2009,2.2765
2/16/2009,NA
2/17/2009,2.3192
2/18/2009,2.3572
2/19/2009,2.3554
2/20/2009,2.3898
2/23/2009,2.388
2/24/2009,2.383
2/25/2009,2.388
2/26/2009,2.3508
2/27/2009,2.375
3/2/2009,2.4365
3/3/2009,2.442
3/4/2009,2.3738
3/5/2009,2.386
3/6/2009,2.3735
3/9/2009,2.3698
3/10/2009,2.3472
3/11/2009,2.3357
3/12/2009,2.3265
3/13/2009,2.3125
3/16/2009,2.2635
3/17/2009,2.2792
3/18/2009,2.3033
3/19/2009,2.2516
3/20/2009,2.25
3/23/2009,2.2709
3/24/2009,2.2548
3/25/2009,2.2383
3/26/2009,2.2371
3/27/2009,2.2761
3/30/2009,2.3251
3/31/2009,2.3007
4/1/2009,2.286
4/2/2009,2.24
4/3/2009,2.2024
4/6/2009,2.2274
4/7/2009,2.2255
4/8/2009,2.195
4/9/2009,2.1774
4/10/2009,2.17
4/13/2009,2.1745
4/14/2009,2.1778
4/15/2009,2.1955
4/16/2009,2.1756
4/17/2009,2.1856
4/20/2009,2.2322
4/21/2009,2.239
4/22/2009,2.2045
4/23/2009,2.2185
4/24/2009,2.196
4/27/2009,2.1963
4/28/2009,2.206
4/29/2009,2.1617
4/30/2009,2.1724
5/1/2009,2.173
5/4/2009,2.1363
5/5/2009,2.1495
5/6/2009,2.1199
5/7/2009,2.1052
5/8/2009,2.0742
5/11/2009,2.0528
5/12/2009,2.0687
5/13/2009,2.101
5/14/2009,2.0939
5/15/2009,2.0815
5/18/2009,2.0798
5/19/2009,2.0489
5/20/2009,2.0205
5/21/2009,2.0332
5/22/2009,2.0274
5/25/2009,NA
5/26/2009,2.0221
5/27/2009,2.0148
5/28/2009,2.0074
5/29/2009,1.9678
6/1/2009,1.9452
6/2/2009,1.9402
6/3/2009,1.9474
6/4/2009,1.9457
6/5/2009,1.9606
6/8/2009,1.9779
6/9/2009,1.9448
6/10/2009,1.9494
6/11/2009,1.9487
6/12/2009,1.9214
6/15/2009,1.948
6/16/2009,1.9475
6/17/2009,1.9855
6/18/2009,1.9611
6/19/2009,1.954
6/22/2009,2.0138
6/23/2009,2.0026
6/24/2009,1.965
6/25/2009,1.9632
6/26/2009,1.9444
6/29/2009,1.957
6/30/2009,1.9653
7/1/2009,1.9299
7/2/2009,1.9565
7/3/2009,1.9509
7/6/2009,1.9727
7/7/2009,1.9667
7/8/2009,2.0035
7/9/2009,1.991
7/10/2009,2.0141
7/13/2009,1.9897
7/14/2009,1.9721
7/15/2009,1.9358
7/16/2009,1.9362
7/17/2009,1.9278
7/20/2009,1.9056
7/21/2009,1.9085
7/22/2009,1.9046
7/23/2009,1.887
7/24/2009,1.8958
7/27/2009,1.8857
7/28/2009,1.8785
7/29/2009,1.8987
7/30/2009,1.878
7/31/2009,1.8653
8/3/2009,1.8353
8/4/2009,1.8326
8/5/2009,1.8291
8/6/2009,1.8304
8/7/2009,1.8211
8/10/2009,1.8435
8/11/2009,1.853
8/12/2009,1.8318
8/13/2009,1.834
8/14/2009,1.844
8/17/2009,1.8665
8/18/2009,1.8683
8/19/2009,1.8325
8/20/2009,1.8453
8/21/2009,1.8297
8/24/2009,1.8333
8/25/2009,1.83
8/26/2009,1.8672
8/27/2009,1.881
8/28/2009,1.873
8/31/2009,1.87
9/1/2009,1.8936
9/2/2009,1.8936
9/3/2009,1.873
9/4/2009,1.8458
9/7/2009,NA
9/8/2009,1.8245
9/9/2009,1.8295
9/10/2009,1.8206
9/11/2009,1.8129
9/14/2009,1.8161
9/15/2009,1.8058
9/16/2009,1.7983
9/17/2009,1.8097
9/18/2009,1.808
9/21/2009,1.8137
9/22/2009,1.8028
9/23/2009,1.7877
9/24/2009,1.8025
9/25/2009,1.8002
9/28/2009,1.7886
9/29/2009,1.7905
9/30/2009,1.7743
10/1/2009,1.781
10/2/2009,1.7814
10/5/2009,1.7702
10/6/2009,1.7493
10/7/2009,1.7613
10/8/2009,1.745
10/9/2009,1.7395
10/12/2009,NA
10/13/2009,1.731
10/14/2009,1.7055
10/15/2009,1.701
10/16/2009,1.707
10/19/2009,1.7085
10/20/2009,1.7555
10/21/2009,1.7335
10/22/2009,1.7258
10/23/2009,1.7143
10/26/2009,1.7166
10/27/2009,1.7308
10/28/2009,1.7541
10/29/2009,1.738
10/30/2009,1.7445
11/2/2009,1.7485
11/3/2009,1.753
11/4/2009,1.7229
11/5/2009,1.7222
11/6/2009,1.7165
11/9/2009,1.6995
11/10/2009,1.7088
11/11/2009,NA
11/12/2009,1.735
11/13/2009,1.727
11/16/2009,1.7102
11/17/2009,1.7205
11/18/2009,1.7078
11/19/2009,1.7325
11/20/2009,1.734
11/23/2009,1.7255
11/24/2009,1.7308
11/25/2009,1.7271
11/26/2009,NA
11/27/2009,1.7369
11/30/2009,1.7505
12/1/2009,1.7253
12/2/2009,1.7195
12/3/2009,1.705
12/4/2009,1.7234
12/7/2009,1.7265
12/8/2009,1.75
12/9/2009,1.763
12/10/2009,1.7723
12/11/2009,1.7605
12/14/2009,1.7465
12/15/2009,1.751
12/16/2009,1.7469
12/17/2009,1.7905
12/18/2009,1.789
12/21/2009,1.782
12/22/2009,1.7827
12/23/2009,1.7605
12/24/2009,1.7618
12/25/2009,NA
12/28/2009,1.7385
12/29/2009,1.738
12/30/2009,1.7423
12/31/2009,1.7425
1/1/2010,NA
1/4/2010,1.72
1/5/2010,1.7296
1/6/2010,1.7292
1/7/2010,1.7409
1/8/2010,1.7342
1/11/2010,1.733
1/12/2010,1.7407
1/13/2010,1.748
1/14/2010,1.7684
1/15/2010,1.7681
1/18/2010,NA
1/19/2010,1.7767
1/20/2010,1.792
1/21/2010,1.8021
1/22/2010,1.821
1/25/2010,1.82
1/26/2010,1.8466
1/27/2010,1.8529
1/28/2010,1.8525
1/29/2010,1.8755
2/1/2010,1.8645
2/2/2010,1.8325
2/3/2010,1.8507
2/4/2010,1.8865
2/5/2010,1.8845
2/8/2010,1.8648
2/9/2010,1.845
2/10/2010,1.8575
2/11/2010,1.8551
2/12/2010,1.8624
2/15/2010,NA
2/16/2010,1.8394
2/17/2010,1.8355
2/18/2010,1.8229
2/19/2010,1.805
2/22/2010,1.808
2/23/2010,1.8225
2/24/2010,1.8203
2/25/2010,1.84
2/26/2010,1.801
3/1/2010,1.7971
3/2/2010,1.7822
3/3/2010,1.7763
3/4/2010,1.7895
3/5/2010,1.7781
3/8/2010,1.787
3/9/2010,1.7894
3/10/2010,1.7685
3/11/2010,1.7698
3/12/2010,1.763
3/15/2010,1.766
3/16/2010,1.762
3/17/2010,1.7655
3/18/2010,1.7895
3/19/2010,1.7988
3/22/2010,1.8022
3/23/2010,1.7815
3/24/2010,1.7882
3/25/2010,1.805
3/26/2010,1.8207
3/29/2010,1.808
3/30/2010,1.797
3/31/2010,1.7821
4/1/2010,1.7659
4/2/2010,1.764
4/5/2010,1.7585
4/6/2010,1.7593
4/7/2010,1.7635
4/8/2010,1.778
4/9/2010,1.7709
4/12/2010,1.7575
4/13/2010,1.7583
4/14/2010,1.7445
4/15/2010,1.7428
4/16/2010,1.761
4/19/2010,1.7622
4/20/2010,1.7509
4/21/2010,1.7497
4/22/2010,1.769
4/23/2010,1.7633
4/26/2010,1.745
4/27/2010,1.7652
4/28/2010,1.7622
4/29/2010,1.7305
4/30/2010,1.727
5/3/2010,1.736
5/4/2010,1.7515
5/5/2010,1.7819
5/6/2010,1.8365
5/7/2010,1.836
5/10/2010,1.7783
5/11/2010,1.7764
5/12/2010,1.7734
5/13/2010,1.7721
5/14/2010,1.8035
5/17/2010,1.8204
5/18/2010,1.798
5/19/2010,1.8498
5/20/2010,1.8885
5/21/2010,1.8499
5/24/2010,1.852
5/25/2010,1.8785
5/26/2010,1.856
5/27/2010,1.8274
5/28/2010,1.817
5/31/2010,NA
6/1/2010,1.8235
6/2/2010,1.8287
6/3/2010,1.817
6/4/2010,1.842
6/7/2010,1.8651
6/8/2010,1.8608
6/9/2010,1.838
6/10/2010,1.814
6/11/2010,1.8045
6/14/2010,1.8017
6/15/2010,1.7902
6/16/2010,1.7854
6/17/2010,1.7819
6/18/2010,1.7723
6/21/2010,1.7624
6/22/2010,1.767
6/23/2010,1.787
6/24/2010,1.7915
6/25/2010,1.782
6/28/2010,1.7773
6/29/2010,1.806
6/30/2010,1.7941
7/1/2010,1.801
7/2/2010,1.7765
7/5/2010,NA
7/6/2010,1.7628
7/7/2010,1.7706
7/8/2010,1.7595
7/9/2010,1.7587
7/12/2010,1.7648
7/13/2010,1.751
7/14/2010,1.7603
7/15/2010,1.7715
7/16/2010,1.7858
7/19/2010,1.7857
7/20/2010,1.7789
7/21/2010,1.7735
7/22/2010,1.7639
7/23/2010,1.7618
7/26/2010,1.768
7/27/2010,1.764
7/28/2010,1.7623
7/29/2010,1.7678
7/30/2010,1.7585
8/2/2010,1.746
8/3/2010,1.7568
8/4/2010,1.7582
8/5/2010,1.7565
8/6/2010,1.7585
8/9/2010,1.754
8/10/2010,1.7613
8/11/2010,1.767
8/12/2010,1.7685
8/13/2010,1.7718
8/16/2010,1.758
8/17/2010,1.7513
8/18/2010,1.7513
8/19/2010,1.7626
8/20/2010,1.7615
8/23/2010,1.764
8/24/2010,1.7622
8/25/2010,1.768
8/26/2010,1.759
8/27/2010,1.7493
8/30/2010,1.757
8/31/2010,1.7529
9/1/2010,1.7406
9/2/2010,1.7339
9/3/2010,1.7238
9/6/2010,NA
9/7/2010,1.728
9/8/2010,1.723
9/9/2010,1.7256
9/10/2010,1.7183
9/13/2010,1.7165
9/14/2010,1.7037
9/15/2010,1.7176
9/16/2010,1.7198
9/17/2010,1.7145
9/20/2010,1.7158
9/21/2010,1.7276
9/22/2010,1.7226
9/23/2010,1.7187
9/24/2010,1.7119
9/27/2010,1.7089
9/28/2010,1.7071
9/29/2010,1.7039
9/30/2010,1.696
10/1/2010,1.681
10/4/2010,1.6887
10/5/2010,1.6733
10/6/2010,1.6721
10/7/2010,1.6798
10/8/2010,1.6748
10/11/2010,NA
10/12/2010,1.6697
10/13/2010,1.6574
10/14/2010,1.6633
10/15/2010,1.6576
10/18/2010,1.6632
10/19/2010,1.6914
10/20/2010,1.6749
10/21/2010,1.693
10/22/2010,1.6948
10/25/2010,1.7078
10/26/2010,1.7053
10/27/2010,1.7164
10/28/2010,1.7119
10/29/2010,1.6982
11/1/2010,1.7042
11/2/2010,1.7033
11/3/2010,1.6985
11/4/2010,1.679
11/5/2010,1.6831
11/8/2010,1.6974
11/9/2010,1.6987
11/10/2010,1.709
11/11/2010,NA
11/12/2010,1.72
11/15/2010,1.7216
11/16/2010,1.7378
11/17/2010,1.7227
11/18/2010,1.7137
11/19/2010,1.7204
11/22/2010,1.7223
11/23/2010,1.7378
11/24/2010,1.723
11/25/2010,NA
11/26/2010,1.7268
11/29/2010,1.7282
11/30/2010,1.7146
12/1/2010,1.703
12/2/2010,1.7015
12/3/2010,1.6859
12/6/2010,1.6848
12/7/2010,1.6809
12/8/2010,1.6901
12/9/2010,1.7064
12/10/2010,1.7183
12/13/2010,1.7054
12/14/2010,1.6945
12/15/2010,1.6979
12/16/2010,1.7048
12/17/2010,1.7134
12/20/2010,1.7081
12/21/2010,1.697
12/22/2010,1.6958
12/23/2010,1.6938
12/24/2010,NA
12/27/2010,1.6897
12/28/2010,1.6898
12/29/2010,1.681
12/30/2010,1.6631
12/31/2010,NA
1/3/2011,1.6452
1/4/2011,1.6687
1/5/2011,1.6694
1/6/2011,1.688
1/7/2011,1.685
1/10/2011,1.6921
1/11/2011,1.6899
1/12/2011,1.6761
1/13/2011,1.6666
1/14/2011,1.6819
1/17/2011,NA
1/18/2011,1.6725
1/19/2011,1.6704
1/20/2011,1.6735
1/21/2011,1.6705
1/24/2011,1.6695
1/25/2011,1.67
1/26/2011,1.6682
1/27/2011,1.6746
1/28/2011,1.6845
1/31/2011,1.6739
2/1/2011,1.662
2/2/2011,1.6641
2/3/2011,1.6676
2/4/2011,1.6745
2/7/2011,1.678
2/8/2011,1.6679
2/9/2011,1.6621
2/10/2011,1.667
2/11/2011,1.6655
2/14/2011,1.6665
2/15/2011,1.668
2/16/2011,1.6724
2/17/2011,1.6605
2/18/2011,1.6645
2/21/2011,NA
2/22/2011,1.666
2/23/2011,1.6737
2/24/2011,1.6617
2/25/2011,1.6597
2/28/2011,1.6598
3/1/2011,1.66
3/2/2011,1.66
3/3/2011,1.655
3/4/2011,1.6432
3/7/2011,1.6532
3/8/2011,1.6542
3/9/2011,1.6553
3/10/2011,1.6589
3/11/2011,1.6612
3/14/2011,1.6658
3/15/2011,1.6673
3/16/2011,1.6685
3/17/2011,1.6723
3/18/2011,1.6727
3/21/2011,1.6638
3/22/2011,1.6632
3/23/2011,1.6609
3/24/2011,1.6565
3/25/2011,1.656
3/28/2011,1.6591
3/29/2011,1.6559
3/30/2011,1.6274
3/31/2011,1.6287
4/1/2011,1.6156
4/4/2011,1.6099
4/5/2011,1.6083
4/6/2011,1.6021
4/7/2011,1.5925
4/8/2011,1.5765
4/11/2011,1.579
4/12/2011,1.5895
4/13/2011,1.5923
4/14/2011,1.5825
4/15/2011,1.5721
4/18/2011,1.595
4/19/2011,1.58
4/20/2011,1.5683
4/21/2011,1.5635
4/22/2011,1.566
4/25/2011,1.5701
4/26/2011,1.5636
4/27/2011,1.5685
4/28/2011,1.587
4/29/2011,1.567
5/2/2011,1.5745
5/3/2011,1.5835
5/4/2011,1.603
5/5/2011,1.6172
5/6/2011,1.6037
5/9/2011,1.621
5/10/2011,1.6069
5/11/2011,1.619
5/12/2011,1.6192
5/13/2011,1.6382
5/16/2011,1.6266
5/17/2011,1.6335
5/18/2011,1.6115
5/19/2011,1.6179
5/20/2011,1.6155
5/23/2011,1.6345
5/24/2011,1.6287
5/25/2011,1.6264
5/26/2011,1.6232
5/27/2011,1.5985
5/30/2011,NA
5/31/2011,1.5833
6/1/2011,1.5831
6/2/2011,1.5813
6/3/2011,1.5722
6/6/2011,1.5799
6/7/2011,1.5748
6/8/2011,1.581
6/9/2011,1.5832
6/10/2011,1.5974
6/13/2011,1.5892
6/14/2011,1.5808
6/15/2011,1.594
6/16/2011,1.6106
6/17/2011,1.596
6/20/2011,1.5932
6/21/2011,1.5882
6/22/2011,1.5872
6/23/2011,1.5904
6/24/2011,1.5949
6/27/2011,1.5941
6/28/2011,1.579
6/29/2011,1.569
6/30/2011,1.5595
7/1/2011,1.5558
7/4/2011,NA
7/5/2011,1.5636
7/6/2011,1.5655
7/7/2011,1.5543
7/8/2011,1.5631
7/11/2011,1.5776
7/12/2011,1.576
7/13/2011,1.5708
7/14/2011,1.5733
7/15/2011,1.574
7/18/2011,1.5833
7/19/2011,1.5675
7/20/2011,1.5655
7/21/2011,1.5538
7/22/2011,1.5509
7/25/2011,1.5402
7/26/2011,1.5375
7/27/2011,1.566
7/28/2011,1.562
7/29/2011,1.5495
8/1/2011,1.561
8/2/2011,1.5651
8/3/2011,1.5645
8/4/2011,1.579
8/5/2011,1.5993
8/8/2011,1.599
8/9/2011,1.629
8/10/2011,1.624
8/11/2011,1.6277
8/12/2011,1.6125
8/15/2011,1.5937
8/16/2011,1.5871
8/17/2011,1.5841
8/18/2011,1.6046
8/19/2011,1.5986
8/22/2011,1.6058
8/23/2011,1.5991
8/24/2011,1.6051
8/25/2011,1.6115
8/26/2011,1.6055
8/29/2011,1.5957
8/30/2011,1.5867
8/31/2011,1.5841
9/1/2011,1.6005
9/2/2011,1.6345
9/5/2011,NA
9/6/2011,1.661
9/7/2011,1.6543
9/8/2011,1.6545
9/9/2011,1.6798
9/12/2011,1.6964
9/13/2011,1.7132
9/14/2011,1.728
9/15/2011,1.7115
9/16/2011,1.7097
9/19/2011,1.7866
9/20/2011,1.7891
9/21/2011,1.8355
9/22/2011,1.8787
9/23/2011,1.8585
9/26/2011,1.8452
9/27/2011,1.8067
9/28/2011,1.815
9/29/2011,1.8261
9/30/2011,1.8485
10/3/2011,1.8815
10/4/2011,1.881
10/5/2011,1.8356
10/6/2011,1.8081
10/7/2011,1.7662
10/10/2011,NA
10/11/2011,1.7529
10/12/2011,1.7745
10/13/2011,1.745
10/14/2011,1.7373
10/17/2011,1.7491
10/18/2011,1.7568
10/19/2011,1.7655
10/20/2011,1.7983
10/21/2011,1.7702
10/24/2011,1.7522
10/25/2011,1.7611
10/26/2011,1.7645
10/27/2011,1.7207
10/28/2011,1.6916
10/31/2011,1.6933
11/1/2011,1.7525
11/2/2011,1.7355
11/3/2011,1.7433
11/4/2011,1.7545
11/7/2011,1.7516
11/8/2011,1.7388
11/9/2011,1.7596
11/10/2011,1.7627
11/11/2011,NA
11/14/2011,1.7623
11/15/2011,1.7711
11/16/2011,1.7723
11/17/2011,1.7671
11/18/2011,1.7817
11/21/2011,1.8064
11/22/2011,1.8141
11/23/2011,1.8606
11/24/2011,NA
11/25/2011,1.8865
11/28/2011,1.8545
11/29/2011,1.8461
11/30/2011,1.8072
12/1/2011,1.7965
12/2/2011,1.8002
12/5/2011,1.7841
12/6/2011,1.794
12/7/2011,1.7908
12/8/2011,1.8137
12/9/2011,1.8072
12/12/2011,1.8385
12/13/2011,1.8527
12/14/2011,1.8812
12/15/2011,1.8603
12/16/2011,1.8548
12/19/2011,1.8662
12/20/2011,1.8459
12/21/2011,1.8574
12/22/2011,1.8523
12/23/2011,1.8595
12/26/2011,NA
12/27/2011,1.8591
12/28/2011,1.8779
12/29/2011,1.8662
12/30/2011,1.8627
1/2/2012,NA
1/3/2012,1.8338
1/4/2012,1.8205
1/5/2012,1.8399
1/6/2012,1.8487
1/9/2012,1.8411
1/10/2012,1.8041
1/11/2012,1.8057
1/12/2012,1.7825
1/13/2012,1.7945
1/16/2012,NA
1/17/2012,1.7778
1/18/2012,1.7688
1/19/2012,1.7593
1/20/2012,1.7629
1/23/2012,1.7534
1/24/2012,1.7637
1/25/2012,1.7613
1/26/2012,1.7392
1/27/2012,1.7401
1/30/2012,1.7507
1/31/2012,1.7527
2/1/2012,1.7383
2/2/2012,1.7233
2/3/2012,1.7232
2/6/2012,1.7154
2/7/2012,1.7214
2/8/2012,1.7185
2/9/2012,1.72
2/10/2012,1.726
2/13/2012,1.7202
2/14/2012,1.7159
2/15/2012,1.7173
2/16/2012,1.7221
2/17/2012,1.7135
2/20/2012,NA
2/21/2012,1.7171
2/22/2012,1.7074
2/23/2012,1.7096
2/24/2012,1.7065
2/27/2012,1.7058
2/28/2012,1.6997
2/29/2012,1.7148
3/1/2012,1.7108
3/2/2012,1.7263
3/5/2012,1.7353
3/6/2012,1.7584
3/7/2012,1.7626
3/8/2012,1.7747
3/9/2012,1.7865
3/12/2012,1.8202
3/13/2012,1.7969
3/14/2012,1.8175
3/15/2012,1.8052
3/16/2012,1.8025
3/19/2012,1.8073
3/20/2012,1.8214
3/21/2012,1.8265
3/22/2012,1.823
3/23/2012,1.8158
3/26/2012,1.8155
3/27/2012,1.8112
3/28/2012,1.8253
3/29/2012,1.8332
3/30/2012,1.8205
4/2/2012,1.8257
4/3/2012,1.8232
4/4/2012,1.8293
4/5/2012,1.8296
4/6/2012,1.8218
4/9/2012,1.8218
4/10/2012,1.834
4/11/2012,1.8311
4/12/2012,1.8261
4/13/2012,1.8363
4/16/2012,1.8384
4/17/2012,1.8503
4/18/2012,1.8703
4/19/2012,1.8846
4/20/2012,1.8662
4/23/2012,1.8854
4/24/2012,1.8765
4/25/2012,1.8828
4/26/2012,1.8865
4/27/2012,1.8843
4/30/2012,1.893
5/1/2012,1.9037
5/2/2012,1.9151
5/3/2012,1.9275
5/4/2012,1.9258
5/7/2012,1.924
5/8/2012,1.9365
5/9/2012,1.956
5/10/2012,1.9545
5/11/2012,1.9404
5/14/2012,1.9884
5/15/2012,1.9935
5/16/2012,2
5/17/2012,1.994
5/18/2012,2.019
5/21/2012,2.0455
5/22/2012,2.046
5/23/2012,2.0675
5/24/2012,2.0306
5/25/2012,1.9917
5/28/2012,NA
5/29/2012,1.9973
5/30/2012,2.0095
5/31/2012,2.016
6/1/2012,2.0325
6/4/2012,2.0439
6/5/2012,2.0299
6/6/2012,2.017
6/7/2012,2.0325
6/8/2012,2.0257
6/11/2012,2.0369
6/12/2012,2.0586
6/13/2012,2.0628
6/14/2012,2.0724
6/15/2012,2.0397
6/18/2012,2.066
6/19/2012,2.0352
6/20/2012,2.0306
6/21/2012,2.0446
6/22/2012,2.0573
6/25/2012,2.0745
6/26/2012,2.0735
6/27/2012,2.0791
6/28/2012,2.0904
6/29/2012,2.009
7/2/2012,1.9887
7/3/2012,1.9968
7/4/2012,NA
7/5/2012,2.0271
7/6/2012,2.0369
7/9/2012,2.0311
7/10/2012,2.0343
7/11/2012,2.0367
7/12/2012,2.0477
7/13/2012,2.0376
7/16/2012,2.0391
7/17/2012,2.0327
7/18/2012,2.0214
7/19/2012,2.0212
7/20/2012,2.0217
7/23/2012,2.0393
7/24/2012,2.0428
7/25/2012,2.0381
7/26/2012,2.0268
7/27/2012,2.0138
7/30/2012,2.0354
7/31/2012,2.0514
8/1/2012,2.0384
8/2/2012,2.0514
8/3/2012,2.0237
8/6/2012,2.026
8/7/2012,2.027
8/8/2012,2.0228
8/9/2012,2.0175
8/10/2012,2.015
8/13/2012,2.0279
8/14/2012,2.0256
8/15/2012,2.023
8/16/2012,2.0203
8/17/2012,2.0176
8/20/2012,2.0196
8/21/2012,2.0171
8/22/2012,2.0206
8/23/2012,2.0242
8/24/2012,2.0213
8/27/2012,2.0301
8/28/2012,2.0492
8/29/2012,2.048
8/30/2012,2.0463
8/31/2012,2.0301
9/3/2012,NA
9/4/2012,2.042
9/5/2012,2.0385
9/6/2012,2.033
9/7/2012,2.0274
9/10/2012,2.0225
9/11/2012,2.0209
9/12/2012,2.0191
9/13/2012,2.025
9/14/2012,2.0172
9/17/2012,2.03
9/18/2012,2.0251
9/19/2012,2.0218
9/20/2012,2.0237
9/21/2012,2.023
9/24/2012,2.0245
9/25/2012,2.0244
9/26/2012,2.0338
9/27/2012,2.0307
9/28/2012,2.0277
10/1/2012,2.0254
10/2/2012,2.026
10/3/2012,2.0244
10/4/2012,2.021
10/5/2012,2.0273
10/8/2012,NA
10/9/2012,2.0354
10/10/2012,2.0399
10/11/2012,2.036
10/12/2012,2.0436
10/15/2012,2.0355
10/16/2012,2.0326
10/17/2012,2.0323
10/18/2012,2.028
10/19/2012,2.0269
10/22/2012,2.024
10/23/2012,2.0284
10/24/2012,2.0267
10/25/2012,2.0254
10/26/2012,2.025
10/29/2012,2.0295
10/30/2012,2.031
10/31/2012,2.0298
11/1/2012,2.0304
11/2/2012,2.0304
11/5/2012,2.0344
11/6/2012,2.033
11/7/2012,2.0335
11/8/2012,2.0397
11/9/2012,2.0475
11/12/2012,NA
11/13/2012,2.0638
11/14/2012,2.068
11/15/2012,2.0663
11/16/2012,2.0781
11/19/2012,2.0725
11/20/2012,2.08
11/21/2012,2.0962
11/22/2012,NA
11/23/2012,2.0872
11/26/2012,2.0838
11/27/2012,2.075
11/28/2012,2.09
11/29/2012,2.1028
11/30/2012,2.1118
12/3/2012,2.1141
12/4/2012,2.1133
12/5/2012,2.1005
12/6/2012,2.079
12/7/2012,2.08
12/10/2012,2.0815
12/11/2012,2.0785
12/12/2012,2.0791
12/13/2012,2.079
12/14/2012,2.0827
12/17/2012,2.093
12/18/2012,2.0852
12/19/2012,2.0747
12/20/2012,2.0596
12/21/2012,2.0767
12/24/2012,2.079
12/25/2012,NA
12/26/2012,2.0495
12/27/2012,2.0517
12/28/2012,2.0445
12/31/2012,2.0476
1/1/2013,NA
1/2/2013,2.0425
1/3/2013,2.036
1/4/2013,2.035
1/7/2013,2.026
1/8/2013,2.0393
1/9/2013,2.0384
1/10/2013,2.0325
1/11/2013,2.0375
1/14/2013,2.0301
1/15/2013,2.0375
1/16/2013,2.0405
1/17/2013,2.0425
1/18/2013,2.0441
1/21/2013,NA
1/22/2013,2.0478
1/23/2013,2.0375
1/24/2013,2.0285
1/25/2013,2.029
1/28/2013,2.0028
1/29/2013,1.9893
1/30/2013,1.986
1/31/2013,1.9875
2/1/2013,1.981
2/4/2013,1.9913
2/5/2013,1.984
2/6/2013,1.9847
2/7/2013,1.9708
2/8/2013,1.9725
2/11/2013,1.9724
2/12/2013,1.968
2/13/2013,1.9663
2/14/2013,1.959
2/15/2013,1.9615
2/18/2013,NA
2/19/2013,1.9564
2/20/2013,1.9605
2/21/2013,1.9727
2/22/2013,1.971
2/25/2013,1.9688
2/26/2013,1.9905
2/27/2013,1.9776
2/28/2013,1.9767
3/1/2013,1.9829
3/4/2013,1.9798
3/5/2013,1.9654
3/6/2013,1.9667
3/7/2013,1.9595
3/8/2013,1.948
3/11/2013,1.9593
3/12/2013,1.962
3/13/2013,1.9615
3/14/2013,1.9665
3/15/2013,1.9755
3/18/2013,1.9865
3/19/2013,1.9874
3/20/2013,1.9865
3/21/2013,1.9934
3/22/2013,2.017
3/25/2013,2.0136
3/26/2013,2.0067
3/27/2013,2.0133
3/28/2013,2.016
3/29/2013,2.021
4/1/2013,2.018
4/2/2013,2.0175
4/3/2013,2.0235
4/4/2013,2.018
4/5/2013,1.9925
4/8/2013,1.989
4/9/2013,1.9865
4/10/2013,1.9765
4/11/2013,1.972
4/12/2013,1.969
4/15/2013,1.9755
4/16/2013,1.9965
4/17/2013,2
4/18/2013,2.018
4/19/2013,2.0075
4/22/2013,2.0138
4/23/2013,2.0145
4/24/2013,2.0225
4/25/2013,2.0115
4/26/2013,2.0016
4/29/2013,2.0015
4/30/2013,1.999
5/1/2013,2.0065
5/2/2013,2.0128
5/3/2013,2.0098
5/6/2013,2.012
5/7/2013,2.0086
5/8/2013,2.0003
5/9/2013,2.001
5/10/2013,2.0275
5/13/2013,2.0163
5/14/2013,2.0054
5/15/2013,2.028
5/16/2013,2.0244
5/17/2013,2.0364
5/20/2013,2.0357
5/21/2013,2.0373
5/22/2013,2.0398
5/23/2013,2.0526
5/24/2013,2.0516
5/27/2013,NA
5/28/2013,2.0679
5/29/2013,2.0973
5/30/2013,2.1095
5/31/2013,2.1217
6/3/2013,2.1365
6/4/2013,2.1409
6/5/2013,2.1261
6/6/2013,2.127
6/7/2013,2.134
6/10/2013,2.1365
6/11/2013,2.1428
6/12/2013,2.147
6/13/2013,2.1459
6/14/2013,2.1392
6/17/2013,2.1576
6/18/2013,2.164
6/19/2013,2.1743
6/20/2013,2.2655
6/21/2013,2.268
6/24/2013,2.2479
6/25/2013,2.2207
6/26/2013,2.1994
6/27/2013,2.1864
6/28/2013,2.2075
7/1/2013,2.228
7/2/2013,2.2395
7/3/2013,2.2608
7/4/2013,NA
7/5/2013,2.2635
7/8/2013,2.2605
7/9/2013,2.262
7/10/2013,2.2732
7/11/2013,2.267
7/12/2013,2.2677
7/15/2013,2.245
7/16/2013,2.2439
7/17/2013,2.2315
7/18/2013,2.2282
7/19/2013,2.2345
7/22/2013,2.2317
7/23/2013,2.2212
7/24/2013,2.2388
7/25/2013,2.2586
7/26/2013,2.2525
7/29/2013,2.2605
7/30/2013,2.273
7/31/2013,2.2987
8/1/2013,2.298
8/2/2013,2.2875
8/5/2013,2.3016
8/6/2013,2.2924
8/7/2013,2.2985
8/8/2013,2.2748
8/9/2013,2.271
8/12/2013,2.273
8/13/2013,2.3063
8/14/2013,2.313
8/15/2013,2.3417
8/16/2013,2.3585
8/19/2013,2.4021
8/20/2013,2.3959
8/21/2013,2.4226
8/22/2013,2.4464
8/23/2013,2.3679
8/26/2013,2.3858
8/27/2013,2.3925
8/28/2013,2.3298
8/29/2013,2.3572
8/30/2013,2.3809
9/2/2013,NA
9/3/2013,2.383
9/4/2013,2.3536
9/5/2013,2.3232
9/6/2013,2.29
9/9/2013,2.2799
9/10/2013,2.293
9/11/2013,2.2884
9/12/2013,2.2716
9/13/2013,2.2825
9/16/2013,2.273
9/17/2013,2.255
9/18/2013,2.2429
9/19/2013,2.2067
9/20/2013,2.2047
9/23/2013,2.1997
9/24/2013,2.1978
9/25/2013,2.2221
9/26/2013,2.238
9/27/2013,2.2577
9/30/2013,2.2193
10/1/2013,2.224
10/2/2013,2.2031
10/3/2013,2.2086
10/4/2013,2.2005
10/7/2013,2.2027
10/8/2013,2.2016
10/9/2013,2.208
10/10/2013,2.1769
10/11/2013,2.1846
10/14/2013,NA
10/15/2013,2.1765
10/16/2013,2.1567
10/17/2013,2.1615
10/18/2013,2.163
10/21/2013,2.1728
10/22/2013,2.1673
10/23/2013,2.1805
10/24/2013,2.1948
10/25/2013,2.187
10/28/2013,2.1828
10/29/2013,2.1785
10/30/2013,2.186
10/31/2013,2.2235
11/1/2013,2.2585
11/4/2013,2.2425
11/5/2013,2.285
11/6/2013,2.2865
11/7/2013,2.2995
11/8/2013,2.3201
11/11/2013,NA
11/12/2013,2.3303
11/13/2013,2.3259
11/14/2013,2.3229
11/15/2013,2.314
11/18/2013,2.2705
11/19/2013,2.2673
11/20/2013,2.2705
11/21/2013,2.308
11/22/2013,2.2908
11/25/2013,2.29
11/26/2013,2.298
11/27/2013,2.308
11/28/2013,NA
11/29/2013,2.3345
12/2/2013,2.353
12/3/2013,2.3664
12/4/2013,2.3784
12/5/2013,2.362
12/6/2013,2.3338
12/9/2013,2.3197
12/10/2013,2.3106
12/11/2013,2.3308
12/12/2013,2.339
12/13/2013,2.337
12/16/2013,2.3215
12/17/2013,2.3181
12/18/2013,2.3462
12/19/2013,2.3535
12/20/2013,2.3741
12/23/2013,2.3685
12/24/2013,2.357
12/25/2013,NA
12/26/2013,2.3535
12/27/2013,2.3527
12/30/2013,2.3524
12/31/2013,2.3608
1/1/2014,NA
1/2/2014,2.4015
1/3/2014,2.3831
1/6/2014,2.3744
1/7/2014,2.3732
1/8/2014,2.3883
1/9/2014,2.4017
1/10/2014,2.3645
1/13/2014,2.354
1/14/2014,2.3557
1/15/2014,2.35
1/16/2014,2.3681
1/17/2014,2.355
1/20/2014,NA
1/21/2014,2.362
1/22/2014,2.3739
1/23/2014,2.3895
1/24/2014,2.4008
1/27/2014,2.4185
1/28/2014,2.4262
1/29/2014,2.4361
1/30/2014,2.4133
1/31/2014,2.4116
2/3/2014,2.4373
2/4/2014,2.406
2/5/2014,2.397
2/6/2014,2.3858
2/7/2014,2.382
2/10/2014,2.3925
2/11/2014,2.4083
2/12/2014,2.4121
2/13/2014,2.4135
2/14/2014,2.3859
2/17/2014,NA
2/18/2014,2.3902
2/19/2014,2.3895
2/20/2014,2.3713
2/21/2014,2.3565
2/24/2014,2.33
2/25/2014,2.3338
2/26/2014,2.3495
2/27/2014,2.3315
2/28/2014,2.3321
3/3/2014,2.3411
3/4/2014,2.3406
3/5/2014,2.3281
3/6/2014,2.3051
3/7/2014,2.3383
3/10/2014,2.344
3/11/2014,2.3495
3/12/2014,2.3617
3/13/2014,2.356
3/14/2014,2.3584
3/17/2014,2.3532
3/18/2014,2.3415
3/19/2014,2.331
3/20/2014,2.3339
3/21/2014,2.3215
3/24/2014,2.322
3/25/2014,2.3092
3/26/2014,2.306
3/27/2014,2.2671
3/28/2014,2.2627
3/31/2014,2.2552
4/1/2014,2.2626
4/2/2014,2.2704
4/3/2014,2.2795
4/4/2014,2.2403
4/7/2014,2.2209
4/8/2014,2.194
4/9/2014,2.2154
4/10/2014,2.1954
4/11/2014,2.2075
4/14/2014,2.2096
4/15/2014,2.2355
4/16/2014,2.2355
4/17/2014,2.2488
4/18/2014,2.237
4/21/2014,2.236
4/22/2014,2.2425
4/23/2014,2.2372
4/24/2014,2.2231
4/25/2014,2.2357
4/28/2014,2.231
4/29/2014,2.2205
4/30/2014,2.236
5/1/2014,2.2335
5/2/2014,2.2177
5/5/2014,2.2324
5/6/2014,2.2278
5/7/2014,2.2231
5/8/2014,2.2048
5/9/2014,2.215
5/12/2014,2.219
5/13/2014,2.2095
5/14/2014,2.2043
5/15/2014,2.225
5/16/2014,2.2115
5/19/2014,2.204
5/20/2014,2.21
5/21/2014,2.2075
5/22/2014,2.218
5/23/2014,2.2154
5/26/2014,NA
5/27/2014,2.2371
5/28/2014,2.2388
5/29/2014,2.2188
5/30/2014,2.2365
6/2/2014,2.2685
6/3/2014,2.2695
6/4/2014,2.2846
6/5/2014,2.262
6/6/2014,2.2421
6/9/2014,2.2292
6/10/2014,2.2271
6/11/2014,2.2296
6/12/2014,2.231
6/13/2014,2.2305
6/16/2014,2.2339
6/17/2014,2.2561
6/18/2014,2.2526
6/19/2014,2.2527
6/20/2014,2.236
6/23/2014,2.2175
6/24/2014,2.2202
6/25/2014,2.2073
6/26/2014,2.2056
6/27/2014,2.1974
6/30/2014,2.203
7/1/2014,2.2015
7/2/2014,2.2169
7/3/2014,2.2163
7/4/2014,NA
7/7/2014,2.2192
7/8/2014,2.2134
7/9/2014,2.2129
7/10/2014,2.2223
7/11/2014,2.22
7/14/2014,2.2135
7/15/2014,2.2237
7/16/2014,2.2235
7/17/2014,2.2446
7/18/2014,2.2326
7/21/2014,2.2194
7/22/2014,2.207
7/23/2014,2.2184
7/24/2014,2.2172
7/25/2014,2.2286
7/28/2014,2.2298
7/29/2014,2.229
7/30/2014,2.2533
7/31/2014,2.2696
8/1/2014,2.2674
8/4/2014,2.2591
8/5/2014,2.277
8/6/2014,2.2754
8/7/2014,2.2884
8/8/2014,2.296
8/11/2014,2.274
8/12/2014,2.2739
8/13/2014,2.2762
8/14/2014,2.2709
8/15/2014,2.2736
8/18/2014,2.2595
8/19/2014,2.2555
8/20/2014,2.2537
8/21/2014,2.2555
8/22/2014,2.2784
8/25/2014,2.2823
8/26/2014,2.2725
8/27/2014,2.2594
8/28/2014,2.2521
8/29/2014,2.2381
9/1/2014,NA
9/2/2014,2.2513
9/3/2014,2.2308
9/4/2014,2.2399
9/5/2014,2.244
9/8/2014,2.2498
9/9/2014,2.2825
9/10/2014,2.2956
9/11/2014,2.2882
9/12/2014,2.3301
9/15/2014,2.3451
9/16/2014,2.3227
9/17/2014,2.3458
9/18/2014,2.3602
9/19/2014,2.3747
9/22/2014,2.3862
9/23/2014,2.41
9/24/2014,2.4022
9/25/2014,2.4179
9/26/2014,2.4243
